,material_id,symbols,spin_polarized,bandgap,fermi_energy,is_metal,space_group_number
0,3_scan/mp-1112615,"['Cs', 'Cs', 'Tm', 'Cu', 'Cl', 'Cl', 'Cl', 'Cl', 'Cl', 'Cl']",True,"{'direct': False, 'energy': 3.3403, 'transition': '(0.500,0.000,0.000)-(0.000,0.000,0.000)'}",1.8005804,False,225
1,3_scan/mp-1300166,"['Cd', 'Cl', 'Cl', 'Cl', 'Cl', 'Cl', 'Cl', 'Cs', 'Cs', 'Cu']",True,"{'energy': 0.0, 'direct': False, 'transition': None}",1.15396491,True,1
2,3_scan/mp-1300205,"['Cl', 'Cl', 'Cl', 'Cl', 'Cl', 'Cl', 'Cs', 'Cs', 'Na', 'Sb']",True,"{'direct': False, 'energy': 3.3978, 'transition': '(-0.250,0.500,0.250)-(0.000,0.500,0.000)'}",0.66504015,False,1
3,3_scan/mp-1300069,"['Ag', 'Cl', 'Cl', 'Cl', 'Cl', 'Cl', 'Cl', 'Cs', 'Cs', 'Y']",True,"{'direct': False, 'energy': 4.382, 'transition': '(0.500,0.000,0.000)-(0.500,0.500,0.500)'}",0.50510171,False,1
4,3_scan/mp-1300162,"['Cd', 'Cl', 'Cl', 'Cl', 'Cl', 'Cl', 'Cl', 'Cs', 'Cs', 'Mn']",True,"{'direct': True, 'energy': 2.5333, 'transition': '(0.000,0.000,0.000)-(0.000,0.000,0.000)'}",0.49185182,False,1
5,3_scan/mp-1112000,"['Cs', 'Cs', 'Sc', 'Tl', 'Cl', 'Cl', 'Cl', 'Cl', 'Cl', 'Cl']",False,"{'energy': 0.0, 'direct': False, 'transition': None}",-0.19791533,True,166
6,3_scan/mp-1113621,"['Cs', 'Cs', 'Al', 'Ag', 'Cl', 'Cl', 'Cl', 'Cl', 'Cl', 'Cl']",True,"{'direct': True, 'energy': 2.8537, 'transition': '(0.000,0.000,0.000)-(0.000,0.000,0.000)'}",0.90354796,False,225
7,3_scan/mp-1300056,"['Cl', 'Cl', 'Cl', 'Cl', 'Cl', 'Cl', 'Cs', 'Cs', 'Mo', 'Rb']",True,"{'direct': True, 'energy': 2.5454, 'transition': '(0.000,0.500,0.500)-(0.000,0.500,0.500)'}",1.03059477,False,1
8,3_scan/mp-1112943,"['Cs', 'Cs', 'Ag', 'Sb', 'Br', 'Br', 'Br', 'Br', 'Br', 'Br']",True,"{'direct': False, 'energy': 1.1017000000000001, 'transition': '(0.500,0.500,0.000)-(0.500,0.000,0.000)'}",1.40315424,False,225
9,3_scan/mp-1300076,"['Cs', 'Cs', 'Cs', 'Cs', 'Ta', 'Ta', 'Au', 'Au', 'Cl', 'Cl', 'Cl', 'Cl', 'Cl', 'Cl', 'Cl', 'Cl', 'Cl', 'Cl', 'Cl', 'Cl']",True,"{'direct': False, 'energy': 0.4857, 'transition': '(-0.500,0.500,0.500)-(0.000,0.000,0.500)'}",1.12788646,False,1
10,3_scan/mp-1113480,"['Cs', 'Cs', 'Ag', 'Mo', 'Cl', 'Cl', 'Cl', 'Cl', 'Cl', 'Cl']",True,"{'direct': True, 'energy': 1.5402, 'transition': '(0.500,0.500,0.000)-(0.500,0.500,0.000)'}",2.08897286,False,225
11,3_scan/mp-1300301,"['Cl', 'Cl', 'Cl', 'Cl', 'Cl', 'Cl', 'Cs', 'Cs', 'Li', 'Y']",True,"{'direct': True, 'energy': 5.441000000000001, 'transition': '(0.000,0.000,0.000)-(0.000,0.000,0.000)'}",-0.57143823,False,1
12,3_scan/mp-1112657,"['Cs', 'Cs', 'Na', 'Gd', 'Cl', 'Cl', 'Cl', 'Cl', 'Cl', 'Cl']",True,"{'direct': True, 'energy': 5.0572, 'transition': '(0.000,0.000,0.000)-(0.000,0.000,0.000)'}",-1.06021252,False,225
13,3_scan/mp-1300298,"['Cd', 'Cl', 'Cl', 'Cl', 'Cl', 'Cl', 'Cl', 'Cr', 'Cs', 'Cs']",True,"{'energy': 0.0, 'direct': False, 'transition': None}",2.46346679,True,1
14,3_scan/mp-1300099,"['Cs', 'Cs', 'Cs', 'Cs', 'Y', 'Y', 'Pd', 'Pd', 'Cl', 'Cl', 'Cl', 'Cl', 'Cl', 'Cl', 'Cl', 'Cl', 'Cl', 'Cl', 'Cl', 'Cl']",True,"{'direct': False, 'energy': 0.7541, 'transition': '(0.000,0.464,0.500)-(0.000,0.000,0.000)'}",0.48255393,False,1
15,3_scan/mp-1300293,"['Cl', 'Cl', 'Cl', 'Cl', 'Cl', 'Cl', 'Cs', 'Cs', 'Pd', 'Pt']",True,"{'energy': 0.0, 'direct': False, 'transition': None}",2.73977567,True,1
16,3_scan/mp-1113623,"['Cs', 'Cs', 'Ga', 'Ag', 'Cl', 'Cl', 'Cl', 'Cl', 'Cl', 'Cl']",True,"{'direct': True, 'energy': 1.4734999999999998, 'transition': '(0.000,0.000,0.000)-(0.000,0.000,0.000)'}",0.98047573,False,225
17,3_scan/mp-570379,"['Cs', 'Cs', 'Li', 'Lu', 'Cl', 'Cl', 'Cl', 'Cl', 'Cl', 'Cl']",True,"{'direct': True, 'energy': 6.2932, 'transition': '(0.000,0.000,0.000)-(0.000,0.000,0.000)'}",-0.58496307,False,225
18,3_scan/mp-1300250,"['Ag', 'Cl', 'Cl', 'Cl', 'Cl', 'Cl', 'Cl', 'Cs', 'Cs', 'V']",True,"{'energy': 0.0, 'direct': False, 'transition': None}",0.82648787,True,1
19,3_scan/mp-1113523,"['Cs', 'Cs', 'La', 'Cu', 'Cl', 'Cl', 'Cl', 'Cl', 'Cl', 'Cl']",True,"{'direct': False, 'energy': 2.9353, 'transition': '(0.500,0.000,0.000)-(0.000,0.000,0.000)'}",2.33992923,False,225
20,3_scan/mp-1300173,"['Cl', 'Cl', 'Cl', 'Cl', 'Cl', 'Cl', 'Cs', 'Cs', 'Ge', 'Pt']",True,"{'energy': 0.0, 'direct': False, 'transition': None}",1.13313275,True,12
21,3_scan/mp-1300196,"['Cs', 'Cs', 'Cs', 'Cs', 'Tl', 'Tl', 'Sb', 'Sb', 'Cl', 'Cl', 'Cl', 'Cl', 'Cl', 'Cl', 'Cl', 'Cl', 'Cl', 'Cl', 'Cl', 'Cl']",False,"{'direct': True, 'energy': 2.1999, 'transition': '(0.000,0.000,0.000)-(0.000,0.000,0.000)'}",1.40485926,False,1
22,3_scan/mp-1300124,"['Ba', 'Cl', 'Cl', 'Cl', 'Cl', 'Cl', 'Cl', 'Cr', 'Cs', 'Cs']",True,"{'direct': False, 'energy': 2.5591, 'transition': '(0.500,0.000,0.000)-(0.456,0.456,-0.456)'}",0.82199318,False,87
23,3_scan/mp-1300082,"['Cl', 'Cl', 'Cl', 'Cl', 'Cl', 'Cl', 'Cs', 'Cs', 'K', 'Sc']",True,"{'direct': False, 'energy': 3.7562, 'transition': '(0.000,0.500,0.500)-(0.500,0.000,0.500)'}",-2.59702642,False,1
24,3_scan/mp-1300131,"['Cs', 'Cs', 'Cs', 'Cs', 'Ti', 'Ti', 'Hg', 'Hg', 'Cl', 'Cl', 'Cl', 'Cl', 'Cl', 'Cl', 'Cl', 'Cl', 'Cl', 'Cl', 'Cl', 'Cl']",False,"{'energy': 0.0, 'direct': False, 'transition': None}",-0.31870623,True,14
25,3_scan/mp-1300168,"['Ba', 'Cl', 'Cl', 'Cl', 'Cl', 'Cl', 'Cl', 'Cs', 'Cs', 'V']",True,"{'direct': False, 'energy': 4.1606, 'transition': '(0.000,0.500,0.500)-(0.000,0.000,0.000)'}",0.6988911,False,1
26,3_scan/mp-1112958,"['Cs', 'Cs', 'Dy', 'Cu', 'Cl', 'Cl', 'Cl', 'Cl', 'Cl', 'Cl']",True,"{'direct': False, 'energy': 3.4207, 'transition': '(0.500,0.000,0.000)-(0.000,0.000,0.000)'}",1.793481,False,225
27,3_scan/mp-1300024,"['Cl', 'Cl', 'Cl', 'Cl', 'Cl', 'Cl', 'Cs', 'Cs', 'Pt', 'V']",True,"{'direct': False, 'energy': 1.9899, 'transition': '(0.000,0.000,0.000)-(0.245,0.245,0.500)'}",1.20178185,False,12
28,3_scan/mp-1300209,"['Cs', 'Cs', 'Cs', 'Cs', 'Sc', 'Sc', 'Au', 'Au', 'Cl', 'Cl', 'Cl', 'Cl', 'Cl', 'Cl', 'Cl', 'Cl', 'Cl', 'Cl', 'Cl', 'Cl']",True,"{'direct': False, 'energy': 3.4579, 'transition': '(0.000,-0.500,0.500)-(-0.500,0.000,0.500)'}",0.07670519,False,1
29,3_scan/mp-1300047,"['Ca', 'Cl', 'Cl', 'Cl', 'Cl', 'Cl', 'Cl', 'Co', 'Cs', 'Cs']",True,"{'energy': 0.0, 'direct': False, 'transition': None}",0.80628594,True,1
30,3_scan/mp-1113440,"['Cs', 'Cs', 'Tm', 'Ag', 'Cl', 'Cl', 'Cl', 'Cl', 'Cl', 'Cl']",True,"{'direct': False, 'energy': 4.1627, 'transition': '(0.500,0.000,0.000)-(0.000,0.000,0.000)'}",0.43725484,False,225
31,3_scan/mp-1300177,"['Cl', 'Cl', 'Cl', 'Cl', 'Cl', 'Cl', 'Cs', 'Cs', 'Fe', 'Pb']",False,"{'direct': False, 'energy': 3.0192000000000005, 'transition': '(0.429,0.000,0.000)-(0.000,0.000,0.500)'}",1.24352911,False,1
32,3_scan/mp-1112134,"['Cs', 'Cs', 'Rb', 'As', 'Br', 'Br', 'Br', 'Br', 'Br', 'Br']",True,"{'direct': True, 'energy': 3.1762, 'transition': '(0.500,0.500,0.500)-(0.500,0.500,0.500)'}",-0.74768146,False,225
33,3_scan/mp-1300191,"['Ca', 'Cl', 'Cl', 'Cl', 'Cl', 'Cl', 'Cl', 'Cs', 'Cs', 'Hg']",False,"{'direct': False, 'energy': 3.1224999999999996, 'transition': '(0.000,0.500,0.000)-(0.000,0.000,0.000)'}",-0.68210738,False,87
34,3_scan/mp-1300282,"['Cs', 'Cs', 'Cs', 'Cs', 'Zn', 'Zn', 'Co', 'Co', 'Cl', 'Cl', 'Cl', 'Cl', 'Cl', 'Cl', 'Cl', 'Cl', 'Cl', 'Cl', 'Cl', 'Cl']",True,"{'direct': False, 'energy': 3.4574, 'transition': '(0.200,0.200,0.000)-(0.500,0.000,0.000)'}",-0.5403973,False,1
35,3_scan/mp-1300200,"['Cl', 'Cl', 'Cl', 'Cl', 'Cl', 'Cl', 'Cs', 'Cs', 'Sn', 'V']",True,"{'direct': False, 'energy': 3.4659999999999997, 'transition': '(0.500,0.500,0.500)-(0.286,-0.250,0.167)'}",1.23815256,False,1
36,3_scan/mp-1300234,"['Cs', 'Cs', 'Cs', 'Cs', 'Sn', 'Sn', 'Pb', 'Pb', 'Cl', 'Cl', 'Cl', 'Cl', 'Cl', 'Cl', 'Cl', 'Cl', 'Cl', 'Cl', 'Cl', 'Cl']",False,"{'direct': True, 'energy': 2.0297, 'transition': '(0.000,0.000,0.000)-(0.000,0.000,0.000)'}",1.84441378,False,1
37,3_scan/mp-1300285,"['Cs', 'Cs', 'Cs', 'Cs', 'Zn', 'Zn', 'Cd', 'Cd', 'Cl', 'Cl', 'Cl', 'Cl', 'Cl', 'Cl', 'Cl', 'Cl', 'Cl', 'Cl', 'Cl', 'Cl']",True,"{'energy': 0.0, 'direct': False, 'transition': None}",-1.29563667,True,1
38,3_scan/mp-1112112,"['Cs', 'Cs', 'Tl', 'As', 'Br', 'Br', 'Br', 'Br', 'Br', 'Br']",False,"{'direct': True, 'energy': 1.2418, 'transition': '(0.000,0.000,0.000)-(0.000,0.000,0.000)'}",1.25698283,False,166
39,3_scan/mp-1300277,"['Cs', 'Cs', 'Cs', 'Cs', 'In', 'In', 'Au', 'Au', 'Cl', 'Cl', 'Cl', 'Cl', 'Cl', 'Cl', 'Cl', 'Cl', 'Cl', 'Cl', 'Cl', 'Cl']",True,"{'direct': True, 'energy': 2.6171, 'transition': '(0.000,0.000,0.000)-(0.000,0.000,0.000)'}",0.55518438,False,1
40,3_scan/mp-1300307,"['Cl', 'Cl', 'Cl', 'Cl', 'Cl', 'Cl', 'Cs', 'Cs', 'K', 'Mo']",True,"{'direct': False, 'energy': 2.4794, 'transition': '(0.000,0.000,0.500)-(0.500,0.000,0.000)'}",0.21873861,False,1
41,3_scan/mp-1300042,"['Cl', 'Cl', 'Cl', 'Cl', 'Cl', 'Cl', 'Cs', 'Cs', 'Pb', 'Ti']",False,"{'direct': False, 'energy': 2.2632000000000003, 'transition': '(0.500,0.500,0.000)-(0.500,0.500,-0.500)'}",2.228235,False,1
42,3_scan/mp-1112618,"['Cs', 'Cs', 'Sm', 'Cu', 'Cl', 'Cl', 'Cl', 'Cl', 'Cl', 'Cl']",True,"{'direct': False, 'energy': 3.4944999999999995, 'transition': '(0.500,0.000,0.000)-(0.000,0.000,0.000)'}",1.78410559,False,225
43,3_scan/mp-567172,"['Cs', 'Cs', 'Na', 'Yb', 'Cl', 'Cl', 'Cl', 'Cl', 'Cl', 'Cl']",True,"{'direct': True, 'energy': 6.1813, 'transition': '(0.000,0.000,0.000)-(0.000,0.000,0.000)'}",-1.03629986,False,225
44,3_scan/mp-1300207,"['Cl', 'Cl', 'Cl', 'Cl', 'Cl', 'Cl', 'Cs', 'Cs', 'K', 'Tl']",False,"{'direct': False, 'energy': 2.8878, 'transition': '(0.000,0.000,0.500)-(0.000,0.000,0.000)'}",-1.2248948,False,1
45,3_scan/mp-1300009,"['Ag', 'Cl', 'Cl', 'Cl', 'Cl', 'Cl', 'Cl', 'Cs', 'Cs', 'Sc']",True,"{'direct': False, 'energy': 3.9078999999999997, 'transition': '(0.500,0.500,0.500)-(0.500,0.000,0.500)'}",0.6049491,False,1
46,3_scan/mp-1112530,"['Cs', 'Cs', 'Na', 'Ta', 'Cl', 'Cl', 'Cl', 'Cl', 'Cl', 'Cl']",True,"{'energy': 0.0, 'direct': False, 'transition': None}",3.16433203,True,225
47,3_scan/mp-1300187,"['Cd', 'Cl', 'Cl', 'Cl', 'Cl', 'Cl', 'Cl', 'Cs', 'Cs', 'Sn']",True,"{'direct': False, 'energy': 2.134, 'transition': '(0.500,0.000,0.500)-(0.500,0.000,0.000)'}",1.19554959,False,1
48,3_scan/mp-1300292,"['Cl', 'Cl', 'Cl', 'Cl', 'Cl', 'Cl', 'Cs', 'Cs', 'Hg', 'Sb']",False,"{'energy': 0.0, 'direct': False, 'transition': None}",1.83219576,True,225
49,3_scan/mp-1300022,"['Cl', 'Cl', 'Cl', 'Cl', 'Cl', 'Cl', 'Cs', 'Cs', 'Pd', 'Tl']",False,"{'energy': 0.0, 'direct': False, 'transition': None}",1.6853192,True,1
50,3_scan/mp-1300211,"['Cs', 'Cs', 'Cs', 'Cs', 'Rb', 'Rb', 'Y', 'Y', 'Cl', 'Cl', 'Cl', 'Cl', 'Cl', 'Cl', 'Cl', 'Cl', 'Cl', 'Cl', 'Cl', 'Cl']",True,"{'direct': False, 'energy': 5.8727, 'transition': '(0.000,0.500,0.500)-(0.000,0.000,0.000)'}",-1.7721711,False,1
51,3_scan/mp-1113042,"['Cs', 'Cs', 'K', 'Mo', 'Cl', 'Cl', 'Cl', 'Cl', 'Cl', 'Cl']",True,"{'direct': True, 'energy': 2.4839, 'transition': '(0.500,0.500,0.000)-(0.500,0.500,0.000)'}",1.22925164,False,225
52,3_scan/mp-1300156,"['Cl', 'Cl', 'Cl', 'Cl', 'Cl', 'Cl', 'Cr', 'Cs', 'Cs', 'Pt']",True,"{'direct': True, 'energy': 1.8475, 'transition': '(-0.500,-0.500,0.500)-(-0.500,-0.500,0.500)'}",1.35586816,False,1
53,3_scan/mp-1113024,"['Cs', 'Cs', 'Li', 'Bi', 'Cl', 'Cl', 'Cl', 'Cl', 'Cl', 'Cl']",False,"{'direct': False, 'energy': 4.062, 'transition': '(0.500,0.500,0.000)-(0.500,0.000,0.000)'}",0.19012916,False,166
54,3_scan/mp-1300091,"['Ca', 'Cl', 'Cl', 'Cl', 'Cl', 'Cl', 'Cl', 'Cs', 'Cs', 'Pb']",False,"{'direct': False, 'energy': 4.892, 'transition': '(0.000,0.500,0.000)-(0.500,0.000,0.000)'}",-0.23841825,False,87
55,3_scan/mp-1300175,"['Cl', 'Cl', 'Cl', 'Cl', 'Cl', 'Cl', 'Cs', 'Cs', 'Ni', 'Sr']",True,"{'direct': False, 'energy': 3.7673, 'transition': '(0.000,0.000,0.000)-(0.500,0.500,0.500)'}",-0.34694729,False,1
56,3_scan/mp-1300109,"['Cl', 'Cl', 'Cl', 'Cl', 'Cl', 'Cl', 'Cs', 'Cs', 'Fe', 'Sr']",True,"{'energy': 0.0, 'direct': False, 'transition': None}",2.92553228,True,1
57,3_scan/mp-1300189,"['Cl', 'Cl', 'Cl', 'Cl', 'Cl', 'Cl', 'Cs', 'Cs', 'Fe', 'K']",True,"{'energy': 0.0, 'direct': False, 'transition': None}",-0.68693123,True,1
58,3_scan/mp-1113595,"['Cs', 'Cs', 'Er', 'Ag', 'Cl', 'Cl', 'Cl', 'Cl', 'Cl', 'Cl']",True,"{'direct': False, 'energy': 4.1845, 'transition': '(0.500,0.000,0.000)-(0.000,0.000,0.000)'}",0.45951319,False,225
59,3_scan/mp-1300094,"['Cl', 'Cl', 'Cl', 'Cl', 'Cl', 'Cl', 'Cs', 'Cs', 'K', 'Mn']",True,"{'direct': False, 'energy': 0.29279999999999995, 'transition': '(0.500,0.000,0.429)-(0.000,0.000,0.000)'}",-1.25679129,False,1
60,3_scan/mp-1300044,"['Ag', 'Au', 'Cl', 'Cl', 'Cl', 'Cl', 'Cl', 'Cl', 'Cs', 'Cs']",True,"{'direct': False, 'energy': 0.6519999999999999, 'transition': '(-0.375,0.000,0.222)-(0.500,0.000,0.222)'}",1.0394305,False,1
61,3_scan/mp-1112988,"['Cs', 'Cs', 'Na', 'Ga', 'Cl', 'Cl', 'Cl', 'Cl', 'Cl', 'Cl']",True,"{'direct': True, 'energy': 3.4090000000000003, 'transition': '(0.000,0.000,0.000)-(0.000,0.000,0.000)'}",-0.22307214,False,225
62,3_scan/mp-1300180,"['Cl', 'Cl', 'Cl', 'Cl', 'Cl', 'Cl', 'Cs', 'Cs', 'Fe', 'Mn']",True,"{'energy': 0.0, 'direct': False, 'transition': None}",3.35648667,True,1
63,3_scan/mp-1300118,"['As', 'Au', 'Cl', 'Cl', 'Cl', 'Cl', 'Cl', 'Cl', 'Cs', 'Cs']",True,"{'direct': False, 'energy': 1.3875000000000002, 'transition': '(-0.500,0.500,0.500)-(0.000,0.500,0.000)'}",1.27180387,False,1
64,3_scan/mp-1300001,"['Cl', 'Cl', 'Cl', 'Cl', 'Cl', 'Cl', 'Cs', 'Cs', 'Na', 'Ru']",True,"{'energy': 0.0, 'direct': False, 'transition': None}",1.79448442,True,1
65,3_scan/mp-1300151,"['Cl', 'Cl', 'Cl', 'Cl', 'Cl', 'Cl', 'Cs', 'Cs', 'Ni', 'Sn']",True,"{'direct': False, 'energy': 1.6860000000000002, 'transition': '(0.500,0.500,0.000)-(0.500,0.500,0.500)'}",1.85512514,False,1
66,3_scan/mp-1300291,"['Ca', 'Cd', 'Cl', 'Cl', 'Cl', 'Cl', 'Cl', 'Cl', 'Cs', 'Cs']",True,"{'direct': True, 'energy': 4.7201, 'transition': '(0.000,0.000,0.000)-(0.000,0.000,0.000)'}",-0.80806356,False,1
67,3_scan/mp-1112538,"['Cs', 'Cs', 'Na', 'Mo', 'Cl', 'Cl', 'Cl', 'Cl', 'Cl', 'Cl']",True,"{'direct': True, 'energy': 2.3928000000000003, 'transition': '(0.500,0.500,0.000)-(0.500,0.500,0.000)'}",1.65158235,False,225
68,3_scan/mp-1300222,"['Cl', 'Cl', 'Cl', 'Cl', 'Cl', 'Cl', 'Cs', 'Cs', 'Fe', 'Na']",True,"{'energy': 0.0, 'direct': False, 'transition': None}",-0.18662551,True,1
69,3_scan/mp-1112622,"['Cs', 'Cs', 'Sc', 'Ag', 'Cl', 'Cl', 'Cl', 'Cl', 'Cl', 'Cl']",True,"{'direct': False, 'energy': 3.9080999999999997, 'transition': '(0.500,0.000,0.000)-(0.500,0.500,0.000)'}",0.61852556,False,225
70,3_scan/mp-1300179,"['Cl', 'Cl', 'Cl', 'Cl', 'Cl', 'Cl', 'Co', 'Cs', 'Cs', 'Sn']",True,"{'direct': False, 'energy': 2.0503, 'transition': '(0.500,0.000,0.500)-(0.500,0.000,0.000)'}",1.86969312,False,1
71,3_scan/mp-1300300,"['Ca', 'Cl', 'Cl', 'Cl', 'Cl', 'Cl', 'Cl', 'Cs', 'Cs', 'Fe']",True,"{'energy': 0.0, 'direct': False, 'transition': None}",3.08148342,True,1
72,3_scan/mp-1300070,"['Cl', 'Cl', 'Cl', 'Cl', 'Cl', 'Cl', 'Co', 'Cs', 'Cs', 'Hg']",False,"{'energy': 0.0, 'direct': False, 'transition': None}",0.25042748,True,139
73,3_scan/mp-1112998,"['Cs', 'Cs', 'Li', 'Tm', 'Cl', 'Cl', 'Cl', 'Cl', 'Cl', 'Cl']",True,"{'direct': True, 'energy': 6.179799999999999, 'transition': '(0.000,0.000,0.000)-(0.000,0.000,0.000)'}",-0.6324257,False,225
74,3_scan/mp-1300304,"['Ba', 'Cl', 'Cl', 'Cl', 'Cl', 'Cl', 'Cl', 'Cs', 'Cs', 'Sn']",True,"{'energy': 0.0, 'direct': False, 'transition': None}",0.24452827,True,1
75,3_scan/mp-1112937,"['Cs', 'Cs', 'Tb', 'Ag', 'Cl', 'Cl', 'Cl', 'Cl', 'Cl', 'Cl']",True,"{'direct': False, 'energy': 4.2129, 'transition': '(0.500,0.000,0.000)-(0.000,0.000,0.000)'}",0.46282244,False,225
76,3_scan/mp-1112907,"['Cs', 'Cs', 'Hg', 'As', 'Cl', 'Cl', 'Cl', 'Cl', 'Cl', 'Cl']",False,"{'energy': 0.0, 'direct': False, 'transition': None}",1.69641066,True,71
77,3_scan/mp-1300174,"['Al', 'Cl', 'Cl', 'Cl', 'Cl', 'Cl', 'Cl', 'Cs', 'Cs', 'K']",True,"{'direct': True, 'energy': 5.4838000000000005, 'transition': '(0.000,0.000,0.000)-(0.000,0.000,0.000)'}",-0.49332496,False,1
78,3_scan/mp-1300170,"['Cl', 'Cl', 'Cl', 'Cl', 'Cl', 'Cl', 'Cs', 'Cs', 'In', 'Na']",True,"{'direct': True, 'energy': 3.7376, 'transition': '(0.000,0.000,0.000)-(0.000,0.000,0.000)'}",-0.38754609,False,1
79,3_scan/mp-1300126,"['Cl', 'Cl', 'Cl', 'Cl', 'Cl', 'Cl', 'Cs', 'Cs', 'Mg', 'Pd']",True,"{'direct': False, 'energy': 2.0661, 'transition': '(0.266,0.266,0.500)-(0.246,0.246,0.500)'}",0.27741674,False,12
80,3_scan/mp-23120,"['Cs', 'Cs', 'Na', 'Y', 'Cl', 'Cl', 'Cl', 'Cl', 'Cl', 'Cl']",True,"{'direct': True, 'energy': 5.6484000000000005, 'transition': '(0.000,0.000,0.000)-(0.000,0.000,0.000)'}",-0.94704243,False,225
81,3_scan/mp-1300043,"['Cs', 'Cs', 'Cs', 'Cs', 'Rb', 'Rb', 'In', 'In', 'Cl', 'Cl', 'Cl', 'Cl', 'Cl', 'Cl', 'Cl', 'Cl', 'Cl', 'Cl', 'Cl', 'Cl']",True,"{'direct': False, 'energy': 4.3847000000000005, 'transition': '(-0.500,0.500,0.500)-(0.000,0.000,0.000)'}",-1.22736612,False,14
82,3_scan/mp-1300116,"['Cs', 'Cs', 'Cs', 'Cs', 'Tl', 'Tl', 'As', 'As', 'Cl', 'Cl', 'Cl', 'Cl', 'Cl', 'Cl', 'Cl', 'Cl', 'Cl', 'Cl', 'Cl', 'Cl']",False,"{'direct': True, 'energy': 1.8306, 'transition': '(0.000,0.000,0.000)-(0.000,0.000,0.000)'}",1.56410034,False,1
83,3_scan/mp-1300241,"['Cs', 'Cs', 'Cs', 'Cs', 'Tl', 'Tl', 'In', 'In', 'Cl', 'Cl', 'Cl', 'Cl', 'Cl', 'Cl', 'Cl', 'Cl', 'Cl', 'Cl', 'Cl', 'Cl']",False,"{'direct': False, 'energy': 3.1431999999999998, 'transition': '(0.000,0.000,0.000)-(0.000,0.500,0.500)'}",0.14992882,False,1
84,3_scan/mp-1113363,"['Cs', 'Cs', 'Ce', 'Cu', 'Cl', 'Cl', 'Cl', 'Cl', 'Cl', 'Cl']",True,"{'direct': False, 'energy': 3.3059, 'transition': '(0.500,0.000,0.000)-(0.000,0.000,0.000)'}",1.84122387,False,225
85,3_scan/mp-1300095,"['Cs', 'Cs', 'Cs', 'Cs', 'Rh', 'Rh', 'Au', 'Au', 'Cl', 'Cl', 'Cl', 'Cl', 'Cl', 'Cl', 'Cl', 'Cl', 'Cl', 'Cl', 'Cl', 'Cl']",True,"{'direct': False, 'energy': 1.6216999999999997, 'transition': '(0.000,0.000,0.000)-(0.000,0.500,0.500)'}",1.02863416,False,15
86,3_scan/mp-1300133,"['Cl', 'Cl', 'Cl', 'Cl', 'Cl', 'Cl', 'Cs', 'Cs', 'K', 'Pd']",True,"{'direct': False, 'energy': 0.5403000000000001, 'transition': '(0.500,0.000,0.000)-(0.500,0.500,-0.256)'}",0.5474048,False,1
87,3_scan/mp-1300128,"['Cs', 'Cs', 'Cs', 'Cs', 'Rb', 'Rb', 'As', 'As', 'Cl', 'Cl', 'Cl', 'Cl', 'Cl', 'Cl', 'Cl', 'Cl', 'Cl', 'Cl', 'Cl', 'Cl']",True,"{'direct': False, 'energy': 3.7843999999999998, 'transition': '(0.000,0.500,0.500)-(-0.500,0.000,0.000)'}",-0.41410576,False,14
88,3_scan/mp-23108,"['Cs', 'Cs', 'Na', 'U', 'Cl', 'Cl', 'Cl', 'Cl', 'Cl', 'Cl']",True,"{'direct': True, 'energy': 1.7046000000000001, 'transition': '(0.500,0.500,0.500)-(0.500,0.500,0.500)'}",3.42458244,False,148
89,3_scan/mp-1112609,"['Cs', 'Cs', 'In', 'Cu', 'Cl', 'Cl', 'Cl', 'Cl', 'Cl', 'Cl']",True,"{'direct': True, 'energy': 0.5684999999999998, 'transition': '(0.000,0.000,0.000)-(0.000,0.000,0.000)'}",2.08200797,False,225
90,3_scan/mp-1300002,"['Ag', 'Cl', 'Cl', 'Cl', 'Cl', 'Cl', 'Cl', 'Cs', 'Cs', 'Pd']",True,"{'energy': 0.0, 'direct': False, 'transition': None}",2.16119156,True,1
91,3_scan/mp-1300003,"['Cl', 'Cl', 'Cl', 'Cl', 'Cl', 'Cl', 'Cs', 'Cs', 'Ge', 'Ti']",True,"{'direct': False, 'energy': 2.2292999999999994, 'transition': '(0.500,0.500,0.000)-(0.500,0.000,0.000)'}",2.22734757,False,1
92,3_scan/mp-1300049,"['Cl', 'Cl', 'Cl', 'Cl', 'Cl', 'Cl', 'Cs', 'Cs', 'Fe', 'Sn']",True,"{'energy': 0.0, 'direct': False, 'transition': None}",3.37467724,True,1
93,3_scan/mp-1112989,"['Cs', 'Cs', 'Na', 'Eu', 'Cl', 'Cl', 'Cl', 'Cl', 'Cl', 'Cl']",True,"{'direct': True, 'energy': 6.068499999999999, 'transition': '(0.000,0.000,0.000)-(0.000,0.000,0.000)'}",-1.14241302,False,225
94,3_scan/mp-1300280,"['Ag', 'Cl', 'Cl', 'Cl', 'Cl', 'Cl', 'Cl', 'Cs', 'Cs', 'Mn']",True,"{'energy': 0.0, 'direct': False, 'transition': None}",1.13402318,True,1
95,3_scan/mp-1080017,"['Cs', 'Cs', 'Na', 'La', 'Cl', 'Cl', 'Cl', 'Cl', 'Cl', 'Cl']",True,"{'direct': True, 'energy': 5.3950000000000005, 'transition': '(0.000,0.000,0.000)-(0.000,0.000,0.000)'}",-0.74210967,False,225
96,3_scan/mp-1300184,"['Cs', 'Cs', 'Cs', 'Cs', 'Ca', 'Ca', 'Pd', 'Pd', 'Cl', 'Cl', 'Cl', 'Cl', 'Cl', 'Cl', 'Cl', 'Cl', 'Cl', 'Cl', 'Cl', 'Cl']",True,"{'direct': False, 'energy': 1.5132999999999999, 'transition': '(0.000,0.500,0.500)-(0.500,0.500,0.500)'}",0.38650241,False,1
97,3_scan/mp-1300232,"['Cl', 'Cl', 'Cl', 'Cl', 'Cl', 'Cl', 'Cr', 'Cs', 'Cs', 'Fe']",True,"{'energy': 0.0, 'direct': False, 'transition': None}",3.45537804,True,1
98,3_scan/mp-1300040,"['Ag', 'Cl', 'Cl', 'Cl', 'Cl', 'Cl', 'Cl', 'Cs', 'Cs', 'In']",True,"{'direct': True, 'energy': 1.5548, 'transition': '(0.000,0.000,0.000)-(0.000,0.000,0.000)'}",1.11854969,False,1
99,3_scan/mp-1300137,"['Cd', 'Cl', 'Cl', 'Cl', 'Cl', 'Cl', 'Cl', 'Cs', 'Cs', 'Ge']",True,"{'direct': False, 'energy': 2.1323, 'transition': '(0.500,0.500,0.000)-(0.500,0.500,0.500)'}",0.88541918,False,1
100,3_scan/mp-1300193,"['Ag', 'Bi', 'Cl', 'Cl', 'Cl', 'Cl', 'Cl', 'Cl', 'Cs', 'Cs']",False,"{'direct': False, 'energy': 2.1652, 'transition': '(0.500,0.000,0.500)-(0.500,0.000,0.000)'}",1.40278689,False,1
101,3_scan/mp-1300269,"['Cs', 'Cs', 'Cs', 'Cs', 'Ba', 'Ba', 'Pt', 'Pt', 'Cl', 'Cl', 'Cl', 'Cl', 'Cl', 'Cl', 'Cl', 'Cl', 'Cl', 'Cl', 'Cl', 'Cl']",True,"{'direct': False, 'energy': 2.4527, 'transition': '(0.500,0.000,0.500)-(0.500,0.500,0.000)'}",0.14452702,False,1
102,3_scan/mp-568670,"['Cs', 'Cs', 'Na', 'Tb', 'Cl', 'Cl', 'Cl', 'Cl', 'Cl', 'Cl']",True,"{'direct': True, 'energy': 6.1403, 'transition': '(0.000,0.000,0.000)-(0.000,0.000,0.000)'}",-1.05335947,False,225
103,3_scan/mp-1113361,"['Cs', 'Cs', 'Eu', 'Cu', 'Cl', 'Cl', 'Cl', 'Cl', 'Cl', 'Cl']",True,"{'direct': False, 'energy': 3.4403, 'transition': '(0.500,0.500,0.500)-(0.000,0.000,0.000)'}",1.76496858,False,225
104,3_scan/mp-1300090,"['Cl', 'Cl', 'Cl', 'Cl', 'Cl', 'Cl', 'Cs', 'Cs', 'Hg', 'Sn']",False,"{'direct': False, 'energy': 0.7104999999999999, 'transition': '(0.500,0.000,0.500)-(0.500,0.000,0.000)'}",1.50386188,False,225
105,3_scan/mp-1112006,"['Cs', 'Cs', 'Na', 'Nd', 'Cl', 'Cl', 'Cl', 'Cl', 'Cl', 'Cl']",True,"{'direct': True, 'energy': 5.8803, 'transition': '(0.000,0.000,0.000)-(0.000,0.000,0.000)'}",-1.15806615,False,225
106,3_scan/mp-1300018,"['Cl', 'Cl', 'Cl', 'Cl', 'Cl', 'Cl', 'Cs', 'Cs', 'Na', 'Rh']",True,"{'direct': True, 'energy': 1.6468, 'transition': '(0.500,0.000,0.000)-(0.500,0.000,0.000)'}",0.88670763,False,1
107,3_scan/mp-1080041,"['Cs', 'Cs', 'Na', 'Bi', 'Cl', 'Cl', 'Cl', 'Cl', 'Cl', 'Cl']",False,"{'direct': False, 'energy': 4.1977, 'transition': '(0.500,0.250,0.750)-(0.500,0.000,0.000)'}",-0.16774789,False,2
108,3_scan/mp-1300105,"['Cl', 'Cl', 'Cl', 'Cl', 'Cl', 'Cl', 'Cs', 'Cs', 'Pb', 'Zn']",False,"{'direct': False, 'energy': 3.1213, 'transition': '(0.500,0.500,0.000)-(0.500,0.000,0.000)'}",0.60426024,False,1
109,3_scan/mp-1300068,"['Cl', 'Cl', 'Cl', 'Cl', 'Cl', 'Cl', 'Cs', 'Cs', 'Cu', 'Sn']",True,"{'energy': 0.0, 'direct': False, 'transition': None}",2.46875739,True,1
110,3_scan/mp-989571,"['Cs', 'Cs', 'Na', 'In', 'Cl', 'Cl', 'Cl', 'Cl', 'Cl', 'Cl']",True,"{'direct': True, 'energy': 3.7455000000000003, 'transition': '(0.000,0.000,0.000)-(0.000,0.000,0.000)'}",-0.37950256,False,225
111,3_scan/mp-1300087,"['Cl', 'Cl', 'Cl', 'Cl', 'Cl', 'Cl', 'Cs', 'Cs', 'Mn', 'Rb']",True,"{'direct': False, 'energy': 0.7674000000000001, 'transition': '(0.500,0.000,0.000)-(0.250,0.250,0.250)'}",-0.47332244,False,87
112,3_scan/mp-1300265,"['Ba', 'Cl', 'Cl', 'Cl', 'Cl', 'Cl', 'Cl', 'Cs', 'Cs', 'Pd']",True,"{'direct': False, 'energy': 2.1378000000000004, 'transition': '(-0.500,0.000,0.500)-(0.000,0.500,0.000)'}",-0.03576078,False,1
113,3_scan/mp-1300059,"['Cs', 'Cs', 'Cs', 'Cs', 'Sr', 'Sr', 'Pb', 'Pb', 'Cl', 'Cl', 'Cl', 'Cl', 'Cl', 'Cl', 'Cl', 'Cl', 'Cl', 'Cl', 'Cl', 'Cl']",False,"{'direct': False, 'energy': 4.8450999999999995, 'transition': '(0.000,0.500,0.500)-(-0.500,0.000,0.000)'}",-0.57336192,False,14
114,3_scan/mp-1112567,"['Cs', 'Cs', 'Na', 'Tm', 'Cl', 'Cl', 'Cl', 'Cl', 'Cl', 'Cl']",True,"{'direct': True, 'energy': 6.191000000000001, 'transition': '(0.000,0.000,0.000)-(0.000,0.000,0.000)'}",-0.99245813,False,225
115,3_scan/mp-1300255,"['Cd', 'Cl', 'Cl', 'Cl', 'Cl', 'Cl', 'Cl', 'Cs', 'Cs', 'Sr']",True,"{'direct': True, 'energy': 4.9033, 'transition': '(0.000,0.000,0.000)-(0.000,0.000,0.000)'}",-1.13289747,False,1
116,3_scan/mp-1300270,"['Cl', 'Cl', 'Cl', 'Cl', 'Cl', 'Cl', 'Cs', 'Cs', 'Na', 'Ti']",True,"{'energy': 0.0, 'direct': False, 'transition': None}",2.11457205,True,1
117,3_scan/mp-1300143,"['Cl', 'Cl', 'Cl', 'Cl', 'Cl', 'Cl', 'Cs', 'Cs', 'Mg', 'Ti']",True,"{'energy': 0.0, 'direct': False, 'transition': None}",2.92962035,True,1
118,3_scan/mp-1300258,"['Au', 'Bi', 'Cl', 'Cl', 'Cl', 'Cl', 'Cl', 'Cl', 'Cs', 'Cs']",False,"{'direct': False, 'energy': 2.2205, 'transition': '(0.500,0.500,0.500)-(0.500,0.000,0.000)'}",0.99483674,False,1
119,3_scan/mp-1300306,"['Cs', 'Cs', 'Cs', 'Cs', 'Ga', 'Ga', 'Au', 'Au', 'Cl', 'Cl', 'Cl', 'Cl', 'Cl', 'Cl', 'Cl', 'Cl', 'Cl', 'Cl', 'Cl', 'Cl']",True,"{'direct': False, 'energy': 2.7531, 'transition': '(-0.500,0.500,0.000)-(0.000,0.000,0.000)'}",0.41489087,False,1
120,3_scan/mp-1112716,"['Cs', 'Cs', 'K', 'Sb', 'Cl', 'Cl', 'Cl', 'Cl', 'Cl', 'Cl']",True,"{'direct': True, 'energy': 3.6813000000000002, 'transition': '(0.500,0.000,0.000)-(0.500,0.000,0.000)'}",0.18824146,False,225
121,3_scan/mp-1300093,"['Cl', 'Cl', 'Cl', 'Cl', 'Cl', 'Cl', 'Cs', 'Cs', 'Li', 'Ta']",True,"{'energy': 0.0, 'direct': False, 'transition': None}",3.30490573,True,1
122,3_scan/mp-1300257,"['Bi', 'Cl', 'Cl', 'Cl', 'Cl', 'Cl', 'Cl', 'Cs', 'Cs', 'Hg']",False,"{'energy': 0.0, 'direct': False, 'transition': None}",1.6845593,True,12
123,3_scan/mp-1300142,"['Cl', 'Cl', 'Cl', 'Cl', 'Cl', 'Cl', 'Cs', 'Cs', 'Pd', 'Sr']",True,"{'direct': False, 'energy': 2.0796, 'transition': '(-0.500,0.000,0.500)-(-0.500,-0.500,0.500)'}",-0.17545946,False,1
124,3_scan/mp-1300149,"['Cl', 'Cl', 'Cl', 'Cl', 'Cl', 'Cl', 'Cs', 'Cs', 'Rb', 'Tl']",False,"{'direct': False, 'energy': 2.9124, 'transition': '(0.000,0.000,0.500)-(0.000,0.000,0.000)'}",-1.35048537,False,1
125,3_scan/mp-1300107,"['Cs', 'Cs', 'Cs', 'Cs', 'Ba', 'Ba', 'Ge', 'Ge', 'Cl', 'Cl', 'Cl', 'Cl', 'Cl', 'Cl', 'Cl', 'Cl', 'Cl', 'Cl', 'Cl', 'Cl']",True,"{'energy': 0.0, 'direct': False, 'transition': None}",-0.00052373,True,14
126,3_scan/mp-1300098,"['Cl', 'Cl', 'Cl', 'Cl', 'Cl', 'Cl', 'Cs', 'Cs', 'Rb', 'Sc']",True,"{'direct': False, 'energy': 5.0886, 'transition': '(0.500,0.000,0.000)-(0.500,0.500,0.000)'}",-1.42056928,False,1
127,3_scan/mp-1112624,"['Cs', 'Cs', 'Li', 'Gd', 'Cl', 'Cl', 'Cl', 'Cl', 'Cl', 'Cl']",True,"{'direct': True, 'energy': 4.869999999999999, 'transition': '(0.000,0.000,0.000)-(0.000,0.000,0.000)'}",-0.68097179,False,225
128,3_scan/mp-996943,"['Cs', 'Cs', 'Na', 'In', 'Br', 'Br', 'Br', 'Br', 'Br', 'Br']",True,"{'direct': True, 'energy': 2.4560999999999997, 'transition': '(0.000,0.000,0.000)-(0.000,0.000,0.000)'}",-0.39644185,False,225
129,3_scan/mp-1113018,"['Cs', 'Cs', 'Li', 'Dy', 'Cl', 'Cl', 'Cl', 'Cl', 'Cl', 'Cl']",True,"{'direct': True, 'energy': 6.030600000000001, 'transition': '(0.000,0.000,0.000)-(0.000,0.000,0.000)'}",-0.66389901,False,225
130,3_scan/mp-1113542,"['Cs', 'Cs', 'Lu', 'Ag', 'Cl', 'Cl', 'Cl', 'Cl', 'Cl', 'Cl']",True,"{'direct': False, 'energy': 4.1304, 'transition': '(0.500,0.000,0.000)-(0.000,0.000,0.000)'}",0.44288587,False,225
131,3_scan/mp-1300147,"['Ca', 'Cl', 'Cl', 'Cl', 'Cl', 'Cl', 'Cl', 'Cs', 'Cs', 'Ti']",True,"{'energy': 0.0, 'direct': False, 'transition': None}",2.79148843,True,1
132,3_scan/mp-1112940,"['Cs', 'Cs', 'Ag', 'Sb', 'Cl', 'Cl', 'Cl', 'Cl', 'Cl', 'Cl']",True,"{'direct': False, 'energy': 1.6135000000000002, 'transition': '(0.500,0.500,0.000)-(0.500,0.000,0.000)'}",2.00256031,False,225
133,3_scan/mp-1300027,"['Cs', 'Cs', 'Cs', 'Cs', 'K', 'K', 'Nb', 'Nb', 'Cl', 'Cl', 'Cl', 'Cl', 'Cl', 'Cl', 'Cl', 'Cl', 'Cl', 'Cl', 'Cl', 'Cl']",True,"{'direct': False, 'energy': 0.5352000000000001, 'transition': '(0.500,0.500,0.000)-(-0.200,0.400,0.000)'}",1.77520398,False,1
134,3_scan/mp-1300172,"['Cs', 'Cs', 'Cs', 'Cs', 'Al', 'Al', 'Au', 'Au', 'Cl', 'Cl', 'Cl', 'Cl', 'Cl', 'Cl', 'Cl', 'Cl', 'Cl', 'Cl', 'Cl', 'Cl']",True,"{'direct': False, 'energy': 4.0685, 'transition': '(0.500,0.500,0.000)-(0.000,0.000,0.000)'}",-0.50326342,False,1
135,3_scan/mp-1300248,"['Cs', 'Cs', 'Cs', 'Cs', 'K', 'K', 'Y', 'Y', 'Cl', 'Cl', 'Cl', 'Cl', 'Cl', 'Cl', 'Cl', 'Cl', 'Cl', 'Cl', 'Cl', 'Cl']",True,"{'direct': False, 'energy': 5.8694999999999995, 'transition': '(-0.500,0.500,0.500)-(0.000,0.000,0.000)'}",-1.62885695,False,14
136,3_scan/mp-1300263,"['Cs', 'Cs', 'Cs', 'Cs', 'Sr', 'Sr', 'Ca', 'Ca', 'Cl', 'Cl', 'Cl', 'Cl', 'Cl', 'Cl', 'Cl', 'Cl', 'Cl', 'Cl', 'Cl', 'Cl']",True,"{'direct': False, 'energy': 6.0927, 'transition': '(-0.500,0.500,0.500)-(0.000,0.000,0.000)'}",-1.29938056,False,14
137,3_scan/mp-1112990,"['Cs', 'Cs', 'Na', 'Dy', 'Cl', 'Cl', 'Cl', 'Cl', 'Cl', 'Cl']",True,"{'direct': True, 'energy': 6.168699999999999, 'transition': '(0.000,0.000,0.000)-(0.000,0.000,0.000)'}",-1.02378083,False,225
138,3_scan/mp-1300132,"['Cl', 'Cl', 'Cl', 'Cl', 'Cl', 'Cl', 'Cs', 'Cs', 'Sr', 'Zn']",True,"{'direct': True, 'energy': 5.05, 'transition': '(0.000,0.000,0.000)-(0.000,0.000,0.000)'}",-0.61715967,False,1
139,3_scan/mp-1300233,"['Ag', 'Cl', 'Cl', 'Cl', 'Cl', 'Cl', 'Cl', 'Co', 'Cs', 'Cs']",True,"{'energy': 0.0, 'direct': False, 'transition': None}",1.21284953,True,1
140,3_scan/mp-1300084,"['Ag', 'Cl', 'Cl', 'Cl', 'Cl', 'Cl', 'Cl', 'Cs', 'Cs', 'Tl']",False,"{'energy': 0.0, 'direct': False, 'transition': None}",1.10956948,True,1
141,3_scan/mp-1300139,"['Cl', 'Cl', 'Cl', 'Cl', 'Cl', 'Cl', 'Cs', 'Cs', 'Li', 'Tl']",False,"{'direct': True, 'energy': 2.0463, 'transition': '(0.000,0.000,0.000)-(0.000,0.000,0.000)'}",-0.24384454,False,1
142,3_scan/mp-1112531,"['Cs', 'Cs', 'Rb', 'Al', 'Br', 'Br', 'Br', 'Br', 'Br', 'Br']",True,"{'direct': True, 'energy': 4.0696, 'transition': '(0.000,0.000,0.000)-(0.000,0.000,0.000)'}",-0.69385412,False,225
143,3_scan/mp-1300014,"['Ba', 'Cl', 'Cl', 'Cl', 'Cl', 'Cl', 'Cl', 'Cs', 'Cs', 'Ni']",True,"{'direct': False, 'energy': 3.5016, 'transition': '(-0.167,0.000,0.143)-(0.000,0.000,0.429)'}",-0.58185186,False,1
144,3_scan/mp-1113592,"['Cs', 'Cs', 'Gd', 'Ag', 'Cl', 'Cl', 'Cl', 'Cl', 'Cl', 'Cl']",True,"{'direct': False, 'energy': 3.7988, 'transition': '(0.500,0.000,0.000)-(0.000,0.000,0.000)'}",0.46356332,False,225
145,3_scan/mp-1112904,"['Cs', 'Cs', 'In', 'Hg', 'Cl', 'Cl', 'Cl', 'Cl', 'Cl', 'Cl']",False,"{'energy': 0.0, 'direct': False, 'transition': None}",1.97072941,True,225
146,3_scan/mp-1300037,"['Ag', 'Cl', 'Cl', 'Cl', 'Cl', 'Cl', 'Cl', 'Cs', 'Cs', 'Sb']",True,"{'direct': False, 'energy': 1.6102, 'transition': '(0.500,0.500,0.500)-(0.500,0.000,0.500)'}",1.99768474,False,1
147,3_scan/mp-1300064,"['Cl', 'Cl', 'Cl', 'Cl', 'Cl', 'Cl', 'Cs', 'Cs', 'Na', 'Sc']",True,"{'direct': True, 'energy': 4.850700000000001, 'transition': '(0.000,0.000,0.000)-(0.000,0.000,0.000)'}",-0.65087969,False,1
148,3_scan/mp-1300055,"['Cl', 'Cl', 'Cl', 'Cl', 'Cl', 'Cl', 'Co', 'Cs', 'Cs', 'K']",True,"{'energy': 0.0, 'direct': False, 'transition': None}",-0.14402946,True,1
149,3_scan/mp-1300052,"['Cl', 'Cl', 'Cl', 'Cl', 'Cl', 'Cl', 'Cs', 'Cs', 'Hg', 'Mg']",False,"{'direct': True, 'energy': 2.2187, 'transition': '(0.000,0.000,0.000)-(0.000,0.000,0.000)'}",-0.43123518,False,225
150,3_scan/mp-1300130,"['Cs', 'Cs', 'Cs', 'Cs', 'Rb', 'Rb', 'Ga', 'Ga', 'Cl', 'Cl', 'Cl', 'Cl', 'Cl', 'Cl', 'Cl', 'Cl', 'Cl', 'Cl', 'Cl', 'Cl']",True,"{'direct': False, 'energy': 4.1821, 'transition': '(-0.500,0.500,0.500)-(0.000,0.000,0.000)'}",-0.91801058,False,14
151,3_scan/mp-1300019,"['Au', 'Cl', 'Cl', 'Cl', 'Cl', 'Cl', 'Cl', 'Cs', 'Cs', 'Ni']",True,"{'energy': 0.0, 'direct': False, 'transition': None}",1.25598345,True,139
152,3_scan/mp-1300273,"['Ca', 'Cl', 'Cl', 'Cl', 'Cl', 'Cl', 'Cl', 'Cs', 'Cs', 'Mn']",True,"{'direct': False, 'energy': 5.2501, 'transition': '(0.500,0.500,0.500)-(0.000,0.000,0.000)'}",0.07029334,False,1
153,3_scan/mp-1112671,"['Cs', 'Cs', 'Li', 'Sm', 'Cl', 'Cl', 'Cl', 'Cl', 'Cl', 'Cl']",True,"{'direct': True, 'energy': 5.782, 'transition': '(0.000,0.000,0.000)-(0.000,0.000,0.000)'}",-0.73892951,False,225
154,3_scan/mp-1112620,"['Cs', 'Cs', 'In', 'Au', 'Cl', 'Cl', 'Cl', 'Cl', 'Cl', 'Cl']",True,"{'energy': 0.0, 'direct': False, 'transition': None}",1.78260367,True,225
155,3_scan/mp-1300088,"['Cl', 'Cl', 'Cl', 'Cl', 'Cl', 'Cl', 'Cs', 'Cs', 'Pb', 'Pd']",False,"{'energy': 0.0, 'direct': False, 'transition': None}",2.06545281,True,1
156,3_scan/mp-1205683,"['Cs', 'Cs', 'K', 'Cr', 'Cl', 'Cl', 'Cl', 'Cl', 'Cl', 'Cl']",True,"{'direct': True, 'energy': 2.0972999999999997, 'transition': '(0.000,0.000,0.000)-(0.000,0.000,0.000)'}",-0.66797188,False,225
157,3_scan/mp-1112917,"['Cs', 'Cs', 'Er', 'Cu', 'Cl', 'Cl', 'Cl', 'Cl', 'Cl', 'Cl']",True,"{'direct': False, 'energy': 3.3665999999999996, 'transition': '(0.500,0.000,0.000)-(0.000,0.000,0.000)'}",1.79470411,False,225
158,3_scan/mp-1112502,"['Cs', 'Cs', 'Tl', 'As', 'Cl', 'Cl', 'Cl', 'Cl', 'Cl', 'Cl']",False,"{'direct': True, 'energy': 1.6692, 'transition': '(0.000,0.000,0.000)-(0.000,0.000,0.000)'}",1.75012713,False,166
159,3_scan/mp-1300212,"['Cs', 'Cs', 'Cs', 'Cs', 'Rb', 'Rb', 'B', 'B', 'Cl', 'Cl', 'Cl', 'Cl', 'Cl', 'Cl', 'Cl', 'Cl', 'Cl', 'Cl', 'Cl', 'Cl']",True,"{'direct': False, 'energy': 5.154999999999999, 'transition': '(0.333,0.000,0.000)-(0.000,0.000,0.000)'}",-1.17381858,False,1
160,3_scan/mp-1112505,"['Cs', 'Cs', 'Al', 'Tl', 'Cl', 'Cl', 'Cl', 'Cl', 'Cl', 'Cl']",False,"{'direct': False, 'energy': 4.3097, 'transition': '(0.500,0.500,0.000)-(0.500,0.000,0.000)'}",0.283758,False,166
161,3_scan/mp-1113610,"['Cs', 'Cs', 'Dy', 'Ag', 'Cl', 'Cl', 'Cl', 'Cl', 'Cl', 'Cl']",True,"{'direct': False, 'energy': 4.2097, 'transition': '(0.500,0.000,0.000)-(0.000,0.000,0.000)'}",0.46098963,False,225
162,3_scan/mp-1300071,"['Cl', 'Cl', 'Cl', 'Cl', 'Cl', 'Cl', 'Cs', 'Cs', 'Ge', 'Hg']",False,"{'direct': False, 'energy': 0.7286000000000001, 'transition': '(0.500,0.000,0.500)-(0.000,0.000,0.500)'}",1.2261376,False,225
163,3_scan/mp-1300134,"['Ca', 'Cl', 'Cl', 'Cl', 'Cl', 'Cl', 'Cl', 'Cs', 'Cs', 'Ge']",True,"{'direct': True, 'energy': 4.1234, 'transition': '(0.500,0.000,0.000)-(0.500,0.000,0.000)'}",0.38060692,False,1
164,3_scan/mp-1300186,"['Ba', 'Cd', 'Cl', 'Cl', 'Cl', 'Cl', 'Cl', 'Cl', 'Cs', 'Cs']",True,"{'direct': False, 'energy': 5.0154, 'transition': '(0.000,0.500,0.000)-(0.000,0.000,0.000)'}",-1.32777512,False,1
165,3_scan/mp-1300227,"['Cl', 'Cl', 'Cl', 'Cl', 'Cl', 'Cl', 'Cr', 'Cs', 'Cs', 'Na']",True,"{'direct': True, 'energy': 1.8954, 'transition': '(0.000,0.000,0.000)-(0.000,0.000,0.000)'}",-0.16818464,False,1
166,3_scan/mp-1300182,"['Cs', 'Cs', 'Cs', 'Cs', 'Ba', 'Ba', 'Ca', 'Ca', 'Cl', 'Cl', 'Cl', 'Cl', 'Cl', 'Cl', 'Cl', 'Cl', 'Cl', 'Cl', 'Cl', 'Cl']",True,"{'direct': False, 'energy': 6.0197, 'transition': '(-0.500,0.500,0.500)-(0.000,0.000,0.000)'}",-1.55710577,False,14
167,3_scan/mp-1112525,"['Cs', 'Cs', 'Rb', 'Al', 'Cl', 'Cl', 'Cl', 'Cl', 'Cl', 'Cl']",True,"{'direct': True, 'energy': 5.4898, 'transition': '(0.000,0.000,0.000)-(0.000,0.000,0.000)'}",-0.6487418,False,225
168,3_scan/mp-1113020,"['Cs', 'Cs', 'Li', 'Ce', 'Cl', 'Cl', 'Cl', 'Cl', 'Cl', 'Cl']",True,"{'direct': True, 'energy': 5.6563, 'transition': '(0.000,0.000,0.000)-(0.000,0.000,0.000)'}",-0.80658544,False,225
169,3_scan/mp-1300215,"['Bi', 'Cl', 'Cl', 'Cl', 'Cl', 'Cl', 'Cl', 'Cs', 'Cs', 'K']",False,"{'direct': False, 'energy': 4.503, 'transition': '(0.000,0.000,0.500)-(0.000,0.500,0.000)'}",-0.7625187,False,1
170,3_scan/mp-1112617,"['Cs', 'Cs', 'Pr', 'Cu', 'Cl', 'Cl', 'Cl', 'Cl', 'Cl', 'Cl']",True,"{'direct': False, 'energy': 3.3392000000000004, 'transition': '(0.500,0.000,0.000)-(0.000,0.000,0.000)'}",1.84543752,False,225
171,3_scan/mp-1300253,"['Ba', 'Cl', 'Cl', 'Cl', 'Cl', 'Cl', 'Cl', 'Cs', 'Cs', 'Cu']",True,"{'direct': False, 'energy': 1.8567, 'transition': '(0.500,0.000,0.000)-(0.481,0.481,-0.481)'}",-0.52634683,False,87
172,3_scan/mp-1079458,"['Cs', 'Cs', 'Na', 'Ce', 'Cl', 'Cl', 'Cl', 'Cl', 'Cl', 'Cl']",True,"{'direct': True, 'energy': 5.8458, 'transition': '(0.000,0.000,0.000)-(0.000,0.000,0.000)'}",-1.22095987,False,225
173,3_scan/mp-1112926,"['Cs', 'Cs', 'Sb', 'Au', 'Cl', 'Cl', 'Cl', 'Cl', 'Cl', 'Cl']",True,"{'direct': False, 'energy': 0.3954, 'transition': '(0.500,0.500,0.000)-(0.500,0.000,0.000)'}",2.56448426,False,225
174,3_scan/mp-1300261,"['Cl', 'Cl', 'Cl', 'Cl', 'Cl', 'Cl', 'Cs', 'Cs', 'Hg', 'Zn']",False,"{'energy': 0.0, 'direct': False, 'transition': None}",-0.19461288,True,1
175,3_scan/mp-1300176,"['Cl', 'Cl', 'Cl', 'Cl', 'Cl', 'Cl', 'Cs', 'Cs', 'Sr', 'Ti']",True,"{'energy': 0.0, 'direct': False, 'transition': None}",1.73092288,True,1
176,3_scan/mp-1113050,"['Cs', 'Cs', 'K', 'Ga', 'Cl', 'Cl', 'Cl', 'Cl', 'Cl', 'Cl']",True,"{'direct': True, 'energy': 4.0256, 'transition': '(0.000,0.000,0.000)-(0.000,0.000,0.000)'}",-0.71912159,False,225
177,3_scan/mp-1300181,"['Cl', 'Cl', 'Cl', 'Cl', 'Cl', 'Cl', 'Co', 'Cr', 'Cs', 'Cs']",True,"{'energy': 0.0, 'direct': False, 'transition': None}",2.60662301,True,1
178,3_scan/mp-1300144,"['Cl', 'Cl', 'Cl', 'Cl', 'Cl', 'Cl', 'Cs', 'Cs', 'Hg', 'Pd']",False,"{'direct': False, 'energy': 1.3024, 'transition': '(0.145,0.145,-0.145)-(0.250,0.250,0.250)'}",0.76408134,False,139
179,3_scan/mp-1300310,"['Bi', 'Cl', 'Cl', 'Cl', 'Cl', 'Cl', 'Cl', 'Cs', 'Cs', 'Na']",False,"{'direct': False, 'energy': 4.2187, 'transition': '(0.500,-0.250,0.250)-(0.500,0.000,0.000)'}",-0.20341766,False,1
180,3_scan/mp-1300188,"['Cs', 'Cs', 'Cs', 'Cs', 'Rb', 'Rb', 'Sb', 'Sb', 'Cl', 'Cl', 'Cl', 'Cl', 'Cl', 'Cl', 'Cl', 'Cl', 'Cl', 'Cl', 'Cl', 'Cl']",True,"{'direct': False, 'energy': 3.6719, 'transition': '(0.000,0.500,0.500)-(-0.500,0.000,0.500)'}",-0.10714557,False,1
181,3_scan/mp-1300039,"['Cl', 'Cl', 'Cl', 'Cl', 'Cl', 'Cl', 'Cs', 'Cs', 'Mg', 'Sn']",True,"{'direct': False, 'energy': 3.4737999999999998, 'transition': '(0.500,0.264,0.736)-(0.500,0.000,0.500)'}",0.98410407,False,1
182,3_scan/mp-1112676,"['Cs', 'Cs', 'Li', 'Sb', 'Cl', 'Cl', 'Cl', 'Cl', 'Cl', 'Cl']",True,"{'direct': False, 'energy': 3.2771999999999997, 'transition': '(0.500,0.500,0.000)-(0.500,0.000,0.000)'}",0.99900194,False,225
183,3_scan/mp-1300225,"['Cs', 'Cs', 'Cs', 'Cs', 'Ge', 'Ge', 'Pb', 'Pb', 'Cl', 'Cl', 'Cl', 'Cl', 'Cl', 'Cl', 'Cl', 'Cl', 'Cl', 'Cl', 'Cl', 'Cl']",False,"{'direct': True, 'energy': 2.3444, 'transition': '(0.000,0.000,0.000)-(0.000,0.000,0.000)'}",1.43510858,False,1
184,3_scan/mp-1300034,"['Au', 'Cl', 'Cl', 'Cl', 'Cl', 'Cl', 'Cl', 'Cr', 'Cs', 'Cs']",True,"{'direct': False, 'energy': 1.6284, 'transition': '(0.500,0.500,0.000)-(0.000,0.000,0.000)'}",0.23351137,False,1
185,3_scan/mp-1300218,"['Cl', 'Cl', 'Cl', 'Cl', 'Cl', 'Cl', 'Cs', 'Cs', 'Pt', 'Sr']",True,"{'direct': False, 'energy': 2.4495999999999998, 'transition': '(-0.500,0.500,0.500)-(0.251,0.251,0.500)'}",0.20778388,False,12
186,3_scan/mp-1300111,"['Cs', 'Cs', 'Cs', 'Cs', 'Mn', 'Mn', 'Au', 'Au', 'Cl', 'Cl', 'Cl', 'Cl', 'Cl', 'Cl', 'Cl', 'Cl', 'Cl', 'Cl', 'Cl', 'Cl']",True,"{'direct': False, 'energy': 0.6807000000000001, 'transition': '(0.500,0.000,0.500)-(0.000,0.500,0.000)'}",1.21449221,False,1
187,3_scan/mp-1300249,"['Au', 'Cl', 'Cl', 'Cl', 'Cl', 'Cl', 'Cl', 'Cs', 'Cs', 'Rb']",True,"{'energy': 0.0, 'direct': False, 'transition': None}",-0.90576064,True,1
188,3_scan/mp-1300060,"['Cl', 'Cl', 'Cl', 'Cl', 'Cl', 'Cl', 'Cs', 'Cs', 'Ni', 'Tl']",False,"{'energy': 0.0, 'direct': False, 'transition': None}",1.11901558,True,71
189,3_scan/mp-1300197,"['Cd', 'Cl', 'Cl', 'Cl', 'Cl', 'Cl', 'Cl', 'Cs', 'Cs', 'V']",True,"{'direct': False, 'energy': 2.5679999999999996, 'transition': '(0.500,0.500,0.000)-(0.000,0.000,0.000)'}",0.93995535,False,1
190,3_scan/mp-1112909,"['Cs', 'Cs', 'Y', 'Cu', 'Cl', 'Cl', 'Cl', 'Cl', 'Cl', 'Cl']",True,"{'direct': False, 'energy': 3.3776, 'transition': '(0.500,0.000,0.000)-(0.000,0.000,0.000)'}",1.84472058,False,225
191,3_scan/mp-1112902,"['Cs', 'Cs', 'Hg', 'Sb', 'Cl', 'Cl', 'Cl', 'Cl', 'Cl', 'Cl']",False,"{'energy': 0.0, 'direct': False, 'transition': None}",1.80525353,True,225
192,3_scan/mp-1300053,"['Cs', 'Cs', 'Cs', 'Cs', 'Cu', 'Cu', 'Pt', 'Pt', 'Cl', 'Cl', 'Cl', 'Cl', 'Cl', 'Cl', 'Cl', 'Cl', 'Cl', 'Cl', 'Cl', 'Cl']",True,"{'energy': 0.0, 'direct': False, 'transition': None}",1.54907932,True,59
193,3_scan/mp-1300302,"['Cl', 'Cl', 'Cl', 'Cl', 'Cl', 'Cl', 'Cs', 'Cs', 'Sn', 'Ti']",True,"{'energy': 0.0, 'direct': False, 'transition': None}",3.02052184,True,1
194,3_scan/mp-1113296,"['Cs', 'Cs', 'Hg', 'Sb', 'Br', 'Br', 'Br', 'Br', 'Br', 'Br']",False,"{'energy': 0.0, 'direct': False, 'transition': None}",1.35163115,True,166
195,3_scan/mp-1300073,"['Cs', 'Cs', 'Cs', 'Cs', 'In', 'In', 'Cu', 'Cu', 'Cl', 'Cl', 'Cl', 'Cl', 'Cl', 'Cl', 'Cl', 'Cl', 'Cl', 'Cl', 'Cl', 'Cl']",True,"{'direct': False, 'energy': 1.3438, 'transition': '(-0.128,0.128,0.000)-(0.000,0.000,0.000)'}",1.71518713,False,36
196,3_scan/mp-1300023,"['Cl', 'Cl', 'Cl', 'Cl', 'Cl', 'Cl', 'Cs', 'Cs', 'Na', 'Ni']",True,"{'energy': 0.0, 'direct': False, 'transition': None}",-0.20294264,True,1
197,3_scan/mp-1300274,"['Al', 'Cl', 'Cl', 'Cl', 'Cl', 'Cl', 'Cl', 'Cs', 'Cs', 'Rb']",True,"{'direct': True, 'energy': 5.490600000000001, 'transition': '(0.000,0.000,0.000)-(0.000,0.000,0.000)'}",-0.66399379,False,1
198,3_scan/mp-1300119,"['Ca', 'Cl', 'Cl', 'Cl', 'Cl', 'Cl', 'Cl', 'Cs', 'Cs', 'Pt']",True,"{'direct': False, 'energy': 2.4678, 'transition': '(0.264,0.264,0.500)-(0.243,0.243,0.500)'}",0.41717081,False,12
199,3_scan/mp-1300290,"['Cl', 'Cl', 'Cl', 'Cl', 'Cl', 'Cl', 'Cs', 'Cs', 'Ir', 'Na']",True,"{'direct': True, 'energy': 1.9037, 'transition': '(0.500,0.000,0.000)-(0.500,0.000,0.000)'}",1.2867261,False,1
200,3_scan/mp-1096926,"['Cs', 'Cs', 'In', 'Ag', 'Cl', 'Cl', 'Cl', 'Cl', 'Cl', 'Cl']",True,"{'direct': True, 'energy': 1.5590999999999997, 'transition': '(0.000,0.000,0.000)-(0.000,0.000,0.000)'}",1.11849726,False,225
201,3_scan/mp-1300171,"['Cl', 'Cl', 'Cl', 'Cl', 'Cl', 'Cl', 'Cs', 'Cs', 'Ti', 'V']",True,"{'direct': False, 'energy': 3.0248999999999997, 'transition': '(0.500,0.000,0.000)-(0.500,0.500,0.500)'}",2.18158867,False,1
202,3_scan/mp-1300163,"['Cl', 'Cl', 'Cl', 'Cl', 'Cl', 'Cl', 'Cs', 'Cs', 'Ir', 'K']",True,"{'direct': False, 'energy': 2.2283, 'transition': '(0.500,0.500,0.000)-(0.500,0.000,0.500)'}",0.91996074,False,1
203,3_scan/mp-1113377,"['Cs', 'Cs', 'Cu', 'Bi', 'Cl', 'Cl', 'Cl', 'Cl', 'Cl', 'Cl']",False,"{'direct': False, 'energy': 1.5592000000000001, 'transition': '(0.500,0.500,0.000)-(0.500,0.000,0.000)'}",2.18606124,False,166
204,3_scan/mp-1300083,"['Cd', 'Cl', 'Cl', 'Cl', 'Cl', 'Cl', 'Cl', 'Cs', 'Cs', 'Pt']",True,"{'direct': False, 'energy': 1.9378000000000002, 'transition': '(0.000,0.000,0.000)-(0.500,0.500,0.286)'}",0.7405228,False,1
205,3_scan/mp-1300252,"['Cl', 'Cl', 'Cl', 'Cl', 'Cl', 'Cl', 'Cs', 'Cs', 'Na', 'Y']",True,"{'direct': True, 'energy': 5.5789, 'transition': '(0.000,0.000,0.000)-(0.000,0.000,0.000)'}",-0.91468103,False,1
206,3_scan/mp-1300008,"['Cl', 'Cl', 'Cl', 'Cl', 'Cl', 'Cl', 'Cs', 'Cs', 'Hg', 'Ru']",False,"{'energy': 0.0, 'direct': False, 'transition': None}",1.3159927,True,225
207,3_scan/mp-1300101,"['Cl', 'Cl', 'Cl', 'Cl', 'Cl', 'Cl', 'Cs', 'Cs', 'Hg', 'Pt']",False,"{'direct': False, 'energy': 0.30899999999999994, 'transition': '(0.500,0.000,0.000)-(0.249,0.249,0.497)'}",1.96324134,False,225
208,3_scan/mp-1300201,"['Cs', 'Cs', 'Cs', 'Cs', 'Sr', 'Sr', 'Be', 'Be', 'Cl', 'Cl', 'Cl', 'Cl', 'Cl', 'Cl', 'Cl', 'Cl', 'Cl', 'Cl', 'Cl', 'Cl']",True,"{'direct': True, 'energy': 5.5112000000000005, 'transition': '(0.000,0.000,0.000)-(0.000,0.000,0.000)'}",-0.97996286,False,1
209,3_scan/mp-1113451,"['Cs', 'Cs', 'Sc', 'Ag', 'Br', 'Br', 'Br', 'Br', 'Br', 'Br']",True,"{'direct': False, 'energy': 3.3712, 'transition': '(0.500,0.000,0.000)-(0.500,0.500,0.000)'}",0.16051179,False,225
210,3_scan/mp-1205696,"['Cs', 'Cs', 'Na', 'Cr', 'Cl', 'Cl', 'Cl', 'Cl', 'Cl', 'Cl']",True,"{'direct': True, 'energy': 1.9104, 'transition': '(0.000,0.000,0.000)-(0.000,0.000,0.000)'}",-0.14640214,False,225
211,3_scan/mp-1112008,"['Cs', 'Cs', 'Na', 'Lu', 'Cl', 'Cl', 'Cl', 'Cl', 'Cl', 'Cl']",True,"{'direct': True, 'energy': 6.2236, 'transition': '(0.000,0.000,0.000)-(0.000,0.000,0.000)'}",-0.93656489,False,225
212,3_scan/mp-1300033,"['Ca', 'Cl', 'Cl', 'Cl', 'Cl', 'Cl', 'Cl', 'Cs', 'Cs', 'Zn']",True,"{'direct': True, 'energy': 4.6281, 'transition': '(0.000,0.000,0.000)-(0.000,0.000,0.000)'}",-0.47642038,False,1
213,3_scan/mp-1300153,"['Cl', 'Cl', 'Cl', 'Cl', 'Cl', 'Cl', 'Cs', 'Cs', 'Pt', 'Zn']",True,"{'direct': False, 'energy': 2.5044999999999997, 'transition': '(0.500,0.000,0.000)-(0.500,0.000,0.500)'}",-0.40027276,False,1
214,3_scan/mp-1300236,"['Cl', 'Cl', 'Cl', 'Cl', 'Cl', 'Cl', 'Cs', 'Cs', 'Na', 'Tl']",False,"{'direct': True, 'energy': 2.3175, 'transition': '(0.000,0.000,0.000)-(0.000,0.000,0.000)'}",-0.61669983,False,1
215,3_scan/mp-1079232,"['Cs', 'Cs', 'Hg', 'Pd', 'Cl', 'Cl', 'Cl', 'Cl', 'Cl', 'Cl']",False,"{'direct': False, 'energy': 1.2488000000000001, 'transition': '(0.149,0.149,-0.149)-(0.250,0.250,0.250)'}",0.74931063,False,139
216,3_scan/mp-1300050,"['Cl', 'Cl', 'Cl', 'Cl', 'Cl', 'Cl', 'Cr', 'Cs', 'Cs', 'Tl']",False,"{'energy': 0.0, 'direct': False, 'transition': None}",0.19219272,True,1
217,3_scan/mp-1300217,"['Cs', 'Cs', 'Cs', 'Cs', 'Sr', 'Sr', 'Cr', 'Cr', 'Cl', 'Cl', 'Cl', 'Cl', 'Cl', 'Cl', 'Cl', 'Cl', 'Cl', 'Cl', 'Cl', 'Cl']",True,"{'direct': False, 'energy': 2.4701, 'transition': '(0.000,0.500,0.500)-(0.500,0.500,0.500)'}",1.03707441,False,128
218,3_scan/mp-1112613,"['Cs', 'Cs', 'Li', 'Er', 'Cl', 'Cl', 'Cl', 'Cl', 'Cl', 'Cl']",True,"{'direct': True, 'energy': 6.1103000000000005, 'transition': '(0.000,0.000,0.000)-(0.000,0.000,0.000)'}",-0.62464902,False,225
219,3_scan/mp-1300169,"['Cl', 'Cl', 'Cl', 'Cl', 'Cl', 'Cl', 'Cs', 'Cs', 'In', 'K']",True,"{'direct': False, 'energy': 4.3374999999999995, 'transition': '(0.000,0.492,0.492)-(0.000,0.000,0.000)'}",-0.97903428,False,1
220,3_scan/mp-1300223,"['Au', 'Cl', 'Cl', 'Cl', 'Cl', 'Cl', 'Cl', 'Cs', 'Cs', 'Pd']",True,"{'energy': 0.0, 'direct': False, 'transition': None}",1.81742679,True,69
221,3_scan/mp-1300203,"['Cl', 'Cl', 'Cl', 'Cl', 'Cl', 'Cl', 'Cs', 'Cs', 'Mn', 'Ni']",True,"{'direct': False, 'energy': 2.5277, 'transition': '(0.000,0.000,0.000)-(0.500,0.500,0.500)'}",0.97187537,False,1
222,3_scan/mp-1300129,"['Cl', 'Cl', 'Cl', 'Cl', 'Cl', 'Cl', 'Cs', 'Cs', 'V', 'Zn']",True,"{'direct': False, 'energy': 2.7874999999999996, 'transition': '(0.500,0.500,0.500)-(0.000,0.000,0.000)'}",1.07235729,False,1
223,3_scan/mp-1300167,"['Cl', 'Cl', 'Cl', 'Cl', 'Cl', 'Cl', 'Cs', 'Cs', 'Ti', 'Zn']",True,"{'energy': 0.0, 'direct': False, 'transition': None}",2.93002715,True,1
224,3_scan/mp-542951,"['Cs', 'Cs', 'Na', 'Ho', 'Cl', 'Cl', 'Cl', 'Cl', 'Cl', 'Cl']",True,"{'direct': True, 'energy': 6.1779, 'transition': '(0.000,0.000,0.000)-(0.000,0.000,0.000)'}",-1.02078292,False,225
225,3_scan/mp-1112674,"['Cs', 'Cs', 'Li', 'Pr', 'Cl', 'Cl', 'Cl', 'Cl', 'Cl', 'Cl']",True,"{'direct': True, 'energy': 5.66, 'transition': '(0.000,0.000,0.000)-(0.000,0.000,0.000)'}",-0.7703728,False,225
226,3_scan/mp-1112759,"['Cs', 'Cs', 'K', 'In', 'Cl', 'Cl', 'Cl', 'Cl', 'Cl', 'Cl']",True,"{'direct': True, 'energy': 4.3123000000000005, 'transition': '(0.000,0.000,0.000)-(0.000,0.000,0.000)'}",-0.93828111,False,1
227,3_scan/mp-1300266,"['Cl', 'Cl', 'Cl', 'Cl', 'Cl', 'Cl', 'Cr', 'Cs', 'Cs', 'V']",True,"{'direct': False, 'energy': 2.0864000000000003, 'transition': '(0.500,0.000,0.000)-(0.500,0.500,-0.232)'}",1.27825778,False,1
228,3_scan/mp-1300240,"['Cs', 'Cs', 'Cs', 'Cs', 'Sr', 'Sr', 'Ge', 'Ge', 'Cl', 'Cl', 'Cl', 'Cl', 'Cl', 'Cl', 'Cl', 'Cl', 'Cl', 'Cl', 'Cl', 'Cl']",True,"{'direct': True, 'energy': 4.128699999999999, 'transition': '(0.000,0.500,0.500)-(0.000,0.500,0.500)'}",0.23701723,False,14
229,3_scan/mp-1113515,"['Cs', 'Cs', 'Li', 'Eu', 'Cl', 'Cl', 'Cl', 'Cl', 'Cl', 'Cl']",True,"{'direct': True, 'energy': 5.8926, 'transition': '(0.000,0.000,0.000)-(0.000,0.000,0.000)'}",-0.7619984,False,225
230,3_scan/mp-1113337,"['Cs', 'Cs', 'Sc', 'Cu', 'Cl', 'Cl', 'Cl', 'Cl', 'Cl', 'Cl']",True,"{'direct': False, 'energy': 2.8813999999999993, 'transition': '(0.500,0.500,0.500)-(0.500,0.500,0.000)'}",1.86335894,False,225
231,3_scan/mp-1300220,"['Au', 'Cl', 'Cl', 'Cl', 'Cl', 'Cl', 'Cl', 'Co', 'Cs', 'Cs']",True,"{'energy': 0.0, 'direct': False, 'transition': None}",1.33432986,True,139
232,3_scan/mp-1112956,"['Cs', 'Cs', 'Cu', 'Sb', 'Cl', 'Cl', 'Cl', 'Cl', 'Cl', 'Cl']",True,"{'direct': False, 'energy': 1.2024, 'transition': '(0.500,0.500,0.000)-(0.500,0.000,0.000)'}",2.56682431,False,225
233,3_scan/mp-1300080,"['Cl', 'Cl', 'Cl', 'Cl', 'Cl', 'Cl', 'Cs', 'Cs', 'Sc', 'Tl']",False,"{'direct': False, 'energy': 4.3101, 'transition': '(0.500,0.000,0.000)-(0.500,0.500,0.500)'}",-0.35448033,False,1
234,3_scan/mp-1300199,"['Cl', 'Cl', 'Cl', 'Cl', 'Cl', 'Cl', 'Cs', 'Cs', 'Pd', 'Sn']",True,"{'energy': 0.0, 'direct': False, 'transition': None}",2.66111877,True,1
235,3_scan/mp-1300072,"['Cl', 'Cl', 'Cl', 'Cl', 'Cl', 'Cl', 'Cs', 'Cs', 'Hg', 'Pb']",False,"{'direct': False, 'energy': 1.7523999999999997, 'transition': '(0.500,0.500,0.000)-(0.000,0.500,0.000)'}",0.49273305,False,1
236,3_scan/mp-1300219,"['Cl', 'Cl', 'Cl', 'Cl', 'Cl', 'Cl', 'Cs', 'Cs', 'Ga', 'Tl']",False,"{'direct': False, 'energy': 2.8614, 'transition': '(0.500,0.500,0.000)-(0.500,0.000,0.000)'}",0.43910188,False,1
237,3_scan/mp-1112681,"['Cs', 'Cs', 'Li', 'La', 'Cl', 'Cl', 'Cl', 'Cl', 'Cl', 'Cl']",True,"{'direct': True, 'energy': 5.2309, 'transition': '(0.000,0.000,0.000)-(0.000,0.000,0.000)'}",-0.27880902,False,225
238,3_scan/mp-1300096,"['Cl', 'Cl', 'Cl', 'Cl', 'Cl', 'Cl', 'Cs', 'Cs', 'K', 'Rh']",True,"{'direct': False, 'energy': 1.9484, 'transition': '(0.500,0.000,0.500)-(0.500,0.500,0.000)'}",0.3183832,False,1
239,3_scan/mp-1300160,"['Cl', 'Cl', 'Cl', 'Cl', 'Cl', 'Cl', 'Cr', 'Cs', 'Cs', 'Mn']",True,"{'direct': False, 'energy': 1.7946000000000002, 'transition': '(0.000,0.000,0.000)-(0.500,0.500,-0.244)'}",1.93221125,False,1
240,3_scan/mp-1300259,"['Cs', 'Cs', 'Cs', 'Cs', 'K', 'K', 'B', 'B', 'Cl', 'Cl', 'Cl', 'Cl', 'Cl', 'Cl', 'Cl', 'Cl', 'Cl', 'Cl', 'Cl', 'Cl']",True,"{'direct': True, 'energy': 5.0161, 'transition': '(0.000,0.000,0.000)-(0.000,0.000,0.000)'}",-1.46342331,False,1
241,3_scan/mp-1300077,"['Ag', 'Cl', 'Cl', 'Cl', 'Cl', 'Cl', 'Cl', 'Cs', 'Cs', 'Ti']",True,"{'energy': 0.0, 'direct': False, 'transition': None}",2.61760165,True,1
242,3_scan/mp-1300138,"['Au', 'Cl', 'Cl', 'Cl', 'Cl', 'Cl', 'Cl', 'Cs', 'Cs', 'Ru']",True,"{'direct': False, 'energy': 0.5695000000000001, 'transition': '(0.000,0.000,0.000)-(-0.500,0.500,0.500)'}",1.43308314,False,1
243,3_scan/mp-1300208,"['Cs', 'Cs', 'Cs', 'Cs', 'Cd', 'Cd', 'Pb', 'Pb', 'Cl', 'Cl', 'Cl', 'Cl', 'Cl', 'Cl', 'Cl', 'Cl', 'Cl', 'Cl', 'Cl', 'Cl']",False,"{'direct': False, 'energy': 3.0776, 'transition': '(-0.500,0.500,0.000)-(0.000,0.500,0.500)'}",0.26414851,False,1
244,3_scan/mp-1300146,"['Cs', 'Cs', 'Cs', 'Cs', 'Zn', 'Zn', 'Cr', 'Cr', 'Cl', 'Cl', 'Cl', 'Cl', 'Cl', 'Cl', 'Cl', 'Cl', 'Cl', 'Cl', 'Cl', 'Cl']",True,"{'direct': True, 'energy': 1.4377999999999997, 'transition': '(0.500,0.500,0.000)-(0.500,0.500,0.000)'}",2.21663523,False,40
245,3_scan/mp-580589,"['Cs', 'Cs', 'Na', 'Er', 'Cl', 'Cl', 'Cl', 'Cl', 'Cl', 'Cl']",True,"{'direct': True, 'energy': 6.1953000000000005, 'transition': '(0.000,0.000,0.000)-(0.000,0.000,0.000)'}",-0.98777579,False,225
246,3_scan/mp-1300305,"['Cl', 'Cl', 'Cl', 'Cl', 'Cl', 'Cl', 'Cs', 'Cs', 'Pt', 'Sn']",True,"{'energy': 0.0, 'direct': False, 'transition': None}",3.030224,True,1
247,3_scan/mp-1112669,"['Cs', 'Cs', 'Li', 'Tb', 'Cl', 'Cl', 'Cl', 'Cl', 'Cl', 'Cl']",True,"{'direct': True, 'energy': 5.9783, 'transition': '(0.000,0.000,0.000)-(0.000,0.000,0.000)'}",-0.66786793,False,225
248,3_scan/mp-1300230,"['Cl', 'Cl', 'Cl', 'Cl', 'Cl', 'Cl', 'Cs', 'Cs', 'Ge', 'V']",True,"{'direct': False, 'energy': 3.3411, 'transition': '(-0.429,0.429,0.500)-(-0.286,0.143,0.125)'}",1.09247687,False,1
249,3_scan/mp-1300194,"['Cl', 'Cl', 'Cl', 'Cl', 'Cl', 'Cl', 'Cs', 'Cs', 'Pd', 'Rb']",True,"{'direct': False, 'energy': 0.7756000000000001, 'transition': '(0.500,0.000,0.000)-(0.500,0.500,-0.241)'}",0.31340518,False,1
250,3_scan/mp-1113566,"['Cs', 'Cs', 'Eu', 'Ag', 'Cl', 'Cl', 'Cl', 'Cl', 'Cl', 'Cl']",True,"{'direct': False, 'energy': 4.1962, 'transition': '(0.500,0.000,0.000)-(0.000,0.000,0.000)'}",0.41404,False,225
251,3_scan/mp-1300155,"['Cs', 'Cs', 'Cs', 'Cs', 'Ba', 'Ba', 'Be', 'Be', 'Cl', 'Cl', 'Cl', 'Cl', 'Cl', 'Cl', 'Cl', 'Cl', 'Cl', 'Cl', 'Cl', 'Cl']",True,"{'direct': True, 'energy': 5.0822, 'transition': '(0.000,0.000,0.000)-(0.000,0.000,0.000)'}",-1.10759552,False,1
252,3_scan/mp-1111988,"['Cs', 'Cs', 'Na', 'Sc', 'Cl', 'Cl', 'Cl', 'Cl', 'Cl', 'Cl']",True,"{'direct': True, 'energy': 4.8662, 'transition': '(0.000,0.000,0.000)-(0.000,0.000,0.000)'}",-0.6366943,False,225
253,3_scan/mp-1300303,"['As', 'Cl', 'Cl', 'Cl', 'Cl', 'Cl', 'Cl', 'Cs', 'Cs', 'Na']",True,"{'direct': False, 'energy': 3.374, 'transition': '(0.500,0.250,0.750)-(0.500,0.500,0.500)'}",0.11769609,False,1
254,3_scan/mp-1300289,"['Ca', 'Cl', 'Cl', 'Cl', 'Cl', 'Cl', 'Cl', 'Cs', 'Cs', 'Mg']",True,"{'direct': True, 'energy': 6.0992999999999995, 'transition': '(0.000,0.000,0.000)-(0.000,0.000,0.000)'}",-0.48189758,False,1
255,3_scan/mp-1112939,"['Cs', 'Cs', 'Sm', 'Ag', 'Cl', 'Cl', 'Cl', 'Cl', 'Cl', 'Cl']",True,"{'direct': False, 'energy': 4.2241, 'transition': '(0.500,0.000,0.000)-(0.000,0.000,0.000)'}",0.45250562,False,225
256,3_scan/mp-1300148,"['Cs', 'Cs', 'Cs', 'Cs', 'Rb', 'Rb', 'Nb', 'Nb', 'Cl', 'Cl', 'Cl', 'Cl', 'Cl', 'Cl', 'Cl', 'Cl', 'Cl', 'Cl', 'Cl', 'Cl']",True,"{'direct': False, 'energy': 0.4946999999999997, 'transition': '(-0.500,0.500,0.500)-(0.000,0.000,0.000)'}",1.62490798,False,14
257,3_scan/mp-1300017,"['Cl', 'Cl', 'Cl', 'Cl', 'Cl', 'Cl', 'Cs', 'Cs', 'Mn', 'Ti']",True,"{'energy': 0.0, 'direct': False, 'transition': None}",3.13037535,True,1
258,3_scan/mp-1300110,"['Cl', 'Cl', 'Cl', 'Cl', 'Cl', 'Cl', 'Cs', 'Cs', 'Mg', 'Pb']",False,"{'direct': False, 'energy': 4.3472, 'transition': '(0.250,0.250,0.250)-(0.000,0.500,0.000)'}",0.15013956,False,1
259,3_scan/mp-1300210,"['Cd', 'Cl', 'Cl', 'Cl', 'Cl', 'Cl', 'Cl', 'Cs', 'Cs', 'Hg']",False,"{'energy': 0.0, 'direct': False, 'transition': None}",-0.36787745,True,139
260,3_scan/mp-1300295,"['Cs', 'Cs', 'Cs', 'Cs', 'Sn', 'Sn', 'Ge', 'Ge', 'Cl', 'Cl', 'Cl', 'Cl', 'Cl', 'Cl', 'Cl', 'Cl', 'Cl', 'Cl', 'Cl', 'Cl']",True,"{'direct': True, 'energy': 2.6616, 'transition': '(0.000,0.000,0.000)-(0.000,0.000,0.000)'}",1.22173906,False,7
261,3_scan/mp-1300067,"['Cl', 'Cl', 'Cl', 'Cl', 'Cl', 'Cl', 'Cs', 'Cs', 'Li', 'Nb']",True,"{'energy': 0.0, 'direct': False, 'transition': None}",2.46632636,True,1
262,3_scan/mp-1300086,"['Cl', 'Cl', 'Cl', 'Cl', 'Cl', 'Cl', 'Cs', 'Cs', 'Hg', 'Sr']",False,"{'direct': False, 'energy': 3.2605, 'transition': '(0.000,0.500,0.000)-(0.000,0.000,0.000)'}",-0.90155884,False,87
263,3_scan/mp-1300159,"['Cl', 'Cl', 'Cl', 'Cl', 'Cl', 'Cl', 'Cs', 'Cs', 'Rh', 'Tl']",False,"{'direct': False, 'energy': 1.7854, 'transition': '(0.000,0.500,0.500)-(0.000,0.250,0.250)'}",1.0248497,False,1
264,3_scan/mp-1113017,"['Cs', 'Cs', 'Li', 'In', 'Cl', 'Cl', 'Cl', 'Cl', 'Cl', 'Cl']",True,"{'direct': True, 'energy': 3.5353999999999997, 'transition': '(0.000,0.000,0.000)-(0.000,0.000,0.000)'}",-0.01767196,False,225
265,3_scan/mp-1300141,"['Cs', 'Cs', 'Cs', 'Cs', 'Tl', 'Tl', 'B', 'B', 'Cl', 'Cl', 'Cl', 'Cl', 'Cl', 'Cl', 'Cl', 'Cl', 'Cl', 'Cl', 'Cl', 'Cl']",False,"{'direct': False, 'energy': 4.058, 'transition': '(0.500,0.000,0.500)-(0.000,0.500,0.000)'}",-0.68942214,False,1
266,3_scan/mp-1112623,"['Cs', 'Cs', 'K', 'Ga', 'Br', 'Br', 'Br', 'Br', 'Br', 'Br']",True,"{'direct': True, 'energy': 2.6246, 'transition': '(0.000,0.000,0.000)-(0.000,0.000,0.000)'}",-0.73576947,False,225
267,3_scan/mp-1112143,"['Cs', 'Cs', 'Na', 'Pr', 'Cl', 'Cl', 'Cl', 'Cl', 'Cl', 'Cl']",True,"{'direct': True, 'energy': 5.8455, 'transition': '(0.000,0.000,0.000)-(0.000,0.000,0.000)'}",-1.19413767,False,225
268,3_scan/mp-1112007,"['Cs', 'Cs', 'Rb', 'As', 'Cl', 'Cl', 'Cl', 'Cl', 'Cl', 'Cl']",True,"{'direct': True, 'energy': 3.6958, 'transition': '(0.500,0.000,0.000)-(0.500,0.000,0.000)'}",-0.28488438,False,225
269,3_scan/mp-1300100,"['Cs', 'Cs', 'Cs', 'Cs', 'Co', 'Co', 'Ge', 'Ge', 'Cl', 'Cl', 'Cl', 'Cl', 'Cl', 'Cl', 'Cl', 'Cl', 'Cl', 'Cl', 'Cl', 'Cl']",True,"{'direct': False, 'energy': 2.8506, 'transition': '(0.000,0.000,0.125)-(0.000,0.000,0.000)'}",0.42327177,False,1
270,3_scan/mp-1300152,"['Ba', 'Cl', 'Cl', 'Cl', 'Cl', 'Cl', 'Cl', 'Cs', 'Cs', 'Mg']",True,"{'direct': False, 'energy': 5.8373, 'transition': '(0.500,0.000,0.500)-(0.000,0.000,0.000)'}",-1.02638401,False,1
271,3_scan/mp-1300092,"['Cl', 'Cl', 'Cl', 'Cl', 'Cl', 'Cl', 'Cs', 'Cs', 'Tl', 'V']",False,"{'energy': 0.0, 'direct': False, 'transition': None}",-0.01350991,True,1
272,3_scan/mp-1300117,"['Cs', 'Cs', 'Cs', 'Cs', 'Tl', 'Tl', 'Hg', 'Hg', 'Cl', 'Cl', 'Cl', 'Cl', 'Cl', 'Cl', 'Cl', 'Cl', 'Cl', 'Cl', 'Cl', 'Cl']",False,"{'energy': 0.0, 'direct': False, 'transition': None}",0.94604379,True,1
273,3_scan/mp-1300030,"['Cs', 'Cs', 'Cs', 'Cs', 'Ti', 'Ti', 'Au', 'Au', 'Cl', 'Cl', 'Cl', 'Cl', 'Cl', 'Cl', 'Cl', 'Cl', 'Cl', 'Cl', 'Cl', 'Cl']",True,"{'direct': False, 'energy': 2.6378999999999997, 'transition': '(0.500,0.500,0.000)-(0.000,0.000,0.000)'}",0.55660925,False,15
274,3_scan/mp-1300125,"['Al', 'Cl', 'Cl', 'Cl', 'Cl', 'Cl', 'Cl', 'Cs', 'Cs', 'Tl']",False,"{'direct': False, 'energy': 4.309799999999999, 'transition': '(0.500,0.500,0.000)-(0.500,0.000,0.000)'}",0.28519757,False,1
275,3_scan/mp-1300063,"['Ag', 'Cl', 'Cl', 'Cl', 'Cl', 'Cl', 'Cl', 'Cs', 'Cs', 'Ta']",True,"{'energy': 0.0, 'direct': False, 'transition': None}",3.43954297,True,1
276,3_scan/mp-1300097,"['Cl', 'Cl', 'Cl', 'Cl', 'Cl', 'Cl', 'Cs', 'Cs', 'Na', 'Nb']",True,"{'direct': False, 'energy': 0.36970000000000036, 'transition': '(0.500,0.500,0.500)-(0.000,0.000,0.000)'}",2.24371078,False,1
277,3_scan/mp-1112517,"['Cs', 'Cs', 'Rb', 'Ga', 'Cl', 'Cl', 'Cl', 'Cl', 'Cl', 'Cl']",True,"{'direct': True, 'energy': 4.1584, 'transition': '(0.000,0.000,0.000)-(0.000,0.000,0.000)'}",-0.88226942,False,225
278,3_scan/mp-1300025,"['Cl', 'Cl', 'Cl', 'Cl', 'Cl', 'Cl', 'Cs', 'Cs', 'Mg', 'Pt']",True,"{'direct': False, 'energy': 2.4441, 'transition': '(0.266,0.266,0.500)-(0.245,0.245,0.500)'}",0.65035821,False,12
279,3_scan/mp-1300243,"['Cd', 'Cl', 'Cl', 'Cl', 'Cl', 'Cl', 'Cl', 'Cs', 'Cs', 'Ni']",True,"{'energy': 0.0, 'direct': False, 'transition': None}",0.10113152,True,1
280,3_scan/mp-1300294,"['Cl', 'Cl', 'Cl', 'Cl', 'Cl', 'Cl', 'Cs', 'Cs', 'Hg', 'Sc']",False,"{'energy': 0.0, 'direct': False, 'transition': None}",1.16537706,True,87
281,3_scan/mp-1300123,"['Cs', 'Cs', 'Cs', 'Cs', 'Ta', 'Ta', 'Cu', 'Cu', 'Cl', 'Cl', 'Cl', 'Cl', 'Cl', 'Cl', 'Cl', 'Cl', 'Cl', 'Cl', 'Cl', 'Cl']",True,"{'direct': True, 'energy': 0.44030000000000014, 'transition': '(0.000,0.000,0.000)-(0.000,0.000,0.000)'}",3.00145411,False,1
282,3_scan/mp-1300061,"['Bi', 'Cl', 'Cl', 'Cl', 'Cl', 'Cl', 'Cl', 'Cs', 'Cs', 'Li']",False,"{'direct': False, 'energy': 4.0678, 'transition': '(0.000,0.000,0.500)-(0.500,0.000,0.500)'}",0.18131283,False,1
283,3_scan/mp-1300154,"['Ca', 'Cl', 'Cl', 'Cl', 'Cl', 'Cl', 'Cl', 'Cr', 'Cs', 'Cs']",True,"{'direct': False, 'energy': 2.4034, 'transition': '(0.500,0.000,0.000)-(0.500,0.500,-0.255)'}",1.24016583,False,1
284,3_scan/mp-1300245,"['Cl', 'Cl', 'Cl', 'Cl', 'Cl', 'Cl', 'Cs', 'Cs', 'Sn', 'Zn']",True,"{'direct': False, 'energy': 2.3225, 'transition': '(0.500,0.000,0.500)-(0.500,0.500,0.500)'}",1.37747788,False,1
285,3_scan/mp-1300150,"['Cl', 'Cl', 'Cl', 'Cl', 'Cl', 'Cl', 'Cs', 'Cs', 'Li', 'Sb']",True,"{'direct': False, 'energy': 3.2925000000000004, 'transition': '(0.000,0.000,0.500)-(0.500,0.000,0.500)'}",0.97115987,False,1
286,3_scan/mp-1300264,"['Al', 'Cl', 'Cl', 'Cl', 'Cl', 'Cl', 'Cl', 'Cs', 'Cs', 'Na']",True,"{'direct': True, 'energy': 4.9021, 'transition': '(0.000,0.000,0.000)-(0.000,0.000,0.000)'}",0.00524501,False,1
287,3_scan/mp-1300254,"['Ca', 'Cl', 'Cl', 'Cl', 'Cl', 'Cl', 'Cl', 'Cs', 'Cs', 'V']",True,"{'direct': False, 'energy': 4.3688, 'transition': '(0.500,0.000,0.500)-(0.500,0.500,0.500)'}",0.81068902,False,1
288,3_scan/mp-580541,"['Cs', 'Cs', 'Na', 'Sm', 'Cl', 'Cl', 'Cl', 'Cl', 'Cl', 'Cl']",True,"{'direct': True, 'energy': 5.9604, 'transition': '(0.000,0.000,0.000)-(0.000,0.000,0.000)'}",-1.13806359,False,225
289,3_scan/mp-1300276,"['Cs', 'Cs', 'Cs', 'Cs', 'Sr', 'Sr', 'Sn', 'Sn', 'Cl', 'Cl', 'Cl', 'Cl', 'Cl', 'Cl', 'Cl', 'Cl', 'Cl', 'Cl', 'Cl', 'Cl']",True,"{'direct': False, 'energy': 4.0203, 'transition': '(0.000,0.500,0.500)-(-0.500,0.000,0.000)'}",0.36896391,False,14
290,3_scan/mp-1300308,"['Cl', 'Cl', 'Cl', 'Cl', 'Cl', 'Cl', 'Cs', 'Cs', 'Na', 'Pd']",True,"{'energy': 0.0, 'direct': False, 'transition': None}",0.88379852,True,1
291,3_scan/mp-1300127,"['Cd', 'Cl', 'Cl', 'Cl', 'Cl', 'Cl', 'Cl', 'Cs', 'Cs', 'Pd']",True,"{'direct': False, 'energy': 0.9933000000000001, 'transition': '(0.000,0.000,0.000)-(0.500,0.500,-0.249)'}",0.81186407,False,1
292,3_scan/mp-1300183,"['Cl', 'Cl', 'Cl', 'Cl', 'Cl', 'Cl', 'Cs', 'Cs', 'In', 'Li']",True,"{'direct': True, 'energy': 3.5238, 'transition': '(0.000,0.000,0.000)-(0.000,0.000,0.000)'}",-0.02573664,False,1
293,3_scan/mp-1300206,"['Cl', 'Cl', 'Cl', 'Cl', 'Cl', 'Cl', 'Cs', 'Cs', 'Sr', 'V']",True,"{'direct': False, 'energy': 4.3111, 'transition': '(0.500,0.500,0.444)-(0.500,0.500,0.000)'}",0.86499012,False,1
294,3_scan/mp-1300122,"['Cl', 'Cl', 'Cl', 'Cl', 'Cl', 'Cl', 'Cs', 'Cs', 'Rb', 'Rh']",True,"{'direct': False, 'energy': 1.7125, 'transition': '(0.000,0.000,0.500)-(0.500,0.500,0.000)'}",-0.27566797,False,1
295,3_scan/mp-1300244,"['Cl', 'Cl', 'Cl', 'Cl', 'Cl', 'Cl', 'Cs', 'Cs', 'Ga', 'Na']",True,"{'direct': True, 'energy': 3.3997, 'transition': '(0.000,0.000,0.000)-(0.000,0.000,0.000)'}",-0.23460317,False,1
296,3_scan/mp-1300054,"['Cl', 'Cl', 'Cl', 'Cl', 'Cl', 'Cl', 'Cs', 'Cs', 'Ni', 'Rb']",True,"{'direct': False, 'energy': 0.2703000000000002, 'transition': '(0.000,0.500,0.000)-(0.000,0.000,0.000)'}",-1.97631533,False,1
297,3_scan/mp-1113294,"['Cs', 'Cs', 'Sc', 'Hg', 'Cl', 'Cl', 'Cl', 'Cl', 'Cl', 'Cl']",False,"{'energy': 0.0, 'direct': False, 'transition': None}",1.30498816,True,225
298,3_scan/mp-1300213,"['Au', 'Cl', 'Cl', 'Cl', 'Cl', 'Cl', 'Cl', 'Cs', 'Cs', 'Tl']",False,"{'energy': 0.0, 'direct': False, 'transition': None}",1.62343106,True,1
299,3_scan/mp-1300112,"['Cl', 'Cl', 'Cl', 'Cl', 'Cl', 'Cl', 'Cs', 'Cs', 'Mn', 'Na']",True,"{'direct': False, 'energy': 0.4478, 'transition': '(0.000,0.000,0.000)-(0.500,0.500,-0.250)'}",0.05203116,False,1
300,3_scan/mp-1300120,"['Cl', 'Cl', 'Cl', 'Cl', 'Cl', 'Cl', 'Cs', 'Cs', 'Na', 'V']",True,"{'energy': 0.0, 'direct': False, 'transition': None}",0.33341917,True,1
301,3_scan/mp-1113059,"['Cs', 'Cs', 'K', 'Al', 'Cl', 'Cl', 'Cl', 'Cl', 'Cl', 'Cl']",True,"{'direct': True, 'energy': 5.493600000000001, 'transition': '(0.000,0.000,0.000)-(0.000,0.000,0.000)'}",-0.48486814,False,225
302,3_scan/mp-1300004,"['Cl', 'Cl', 'Cl', 'Cl', 'Cl', 'Cl', 'Co', 'Cs', 'Cs', 'Mn']",True,"{'energy': 0.0, 'direct': False, 'transition': None}",1.21830171,True,1
303,3_scan/mp-1300221,"['Cl', 'Cl', 'Cl', 'Cl', 'Cl', 'Cl', 'Cs', 'Cs', 'Mn', 'Sr']",True,"{'direct': False, 'energy': 5.208799999999999, 'transition': '(0.500,0.500,0.500)-(0.000,0.000,0.000)'}",-0.13722473,False,1
304,3_scan/mp-1300226,"['Cl', 'Cl', 'Cl', 'Cl', 'Cl', 'Cl', 'Cs', 'Cs', 'Hg', 'In']",False,"{'energy': 0.0, 'direct': False, 'transition': None}",1.98409756,True,225
305,3_scan/mp-1112002,"['Cs', 'Cs', 'Tl', 'Ga', 'Cl', 'Cl', 'Cl', 'Cl', 'Cl', 'Cl']",False,"{'direct': False, 'energy': 2.8607, 'transition': '(0.500,0.500,0.000)-(0.500,0.000,0.000)'}",0.44041615,False,166
306,3_scan/mp-1112678,"['Cs', 'Cs', 'Li', 'Nd', 'Cl', 'Cl', 'Cl', 'Cl', 'Cl', 'Cl']",True,"{'direct': True, 'energy': 5.6979999999999995, 'transition': '(0.000,0.000,0.000)-(0.000,0.000,0.000)'}",-0.75359125,False,225
307,3_scan/mp-1300013,"['Cs', 'Cs', 'Cs', 'Cs', 'K', 'K', 'As', 'As', 'Cl', 'Cl', 'Cl', 'Cl', 'Cl', 'Cl', 'Cl', 'Cl', 'Cl', 'Cl', 'Cl', 'Cl']",True,"{'direct': True, 'energy': 3.7432000000000003, 'transition': '(0.000,0.500,0.500)-(0.000,0.500,0.500)'}",-0.18923762,False,14
308,3_scan/mp-1300029,"['Cl', 'Cl', 'Cl', 'Cl', 'Cl', 'Cl', 'Cs', 'Cs', 'Pd', 'Zn']",True,"{'direct': False, 'energy': 1.4197000000000002, 'transition': '(0.091,-0.091,0.091)-(0.250,0.250,0.250)'}",0.71134177,False,44
309,3_scan/mp-1300114,"['Cl', 'Cl', 'Cl', 'Cl', 'Cl', 'Cl', 'Cs', 'Cs', 'K', 'Ti']",True,"{'direct': False, 'energy': 0.0471, 'transition': '(0.000,0.500,0.000)-(0.000,0.500,0.500)'}",0.15541215,False,1
310,3_scan/mp-1113490,"['Cs', 'Cs', 'Cu', 'Au', 'Cl', 'Cl', 'Cl', 'Cl', 'Cl', 'Cl']",True,"{'energy': 0.0, 'direct': False, 'transition': None}",1.77575397,True,225
311,3_scan/mp-1113333,"['Cs', 'Cs', 'Tb', 'Cu', 'Cl', 'Cl', 'Cl', 'Cl', 'Cl', 'Cl']",True,"{'direct': False, 'energy': 3.4308, 'transition': '(0.500,0.000,0.000)-(0.000,0.000,0.000)'}",1.79547254,False,225
312,3_scan/mp-1300028,"['Cs', 'Cs', 'Cs', 'Cs', 'Li', 'Li', 'Pd', 'Pd', 'Cl', 'Cl', 'Cl', 'Cl', 'Cl', 'Cl', 'Cl', 'Cl', 'Cl', 'Cl', 'Cl', 'Cl']",True,"{'energy': 0.0, 'direct': False, 'transition': None}",0.7726941,True,40
313,3_scan/mp-1300103,"['Cl', 'Cl', 'Cl', 'Cl', 'Cl', 'Cl', 'Cs', 'Cs', 'Ir', 'Tl']",False,"{'direct': False, 'energy': 1.9250000000000003, 'transition': '(0.500,0.500,0.000)-(0.244,0.244,0.487)'}",1.38375411,False,1
314,3_scan/mp-1112625,"['Cs', 'Cs', 'K', 'As', 'Cl', 'Cl', 'Cl', 'Cl', 'Cl', 'Cl']",True,"{'direct': True, 'energy': 3.7148, 'transition': '(0.500,0.000,0.000)-(0.500,0.000,0.000)'}",-0.19674196,False,225
315,3_scan/mp-1300108,"['Cl', 'Cl', 'Cl', 'Cl', 'Cl', 'Cl', 'Cs', 'Cs', 'Mn', 'Tl']",False,"{'energy': 0.0, 'direct': False, 'transition': None}",1.02863321,True,1
316,3_scan/mp-1300102,"['Cl', 'Cl', 'Cl', 'Cl', 'Cl', 'Cl', 'Cs', 'Cs', 'Mg', 'Mn']",True,"{'direct': True, 'energy': 4.3399, 'transition': '(0.000,0.000,0.000)-(0.000,0.000,0.000)'}",0.24670679,False,1
317,3_scan/mp-1300231,"['Cl', 'Cl', 'Cl', 'Cl', 'Cl', 'Cl', 'Cs', 'Cs', 'Mn', 'V']",True,"{'direct': True, 'energy': 3.5936000000000003, 'transition': '(0.500,0.500,0.500)-(0.500,0.500,0.500)'}",1.24451635,False,1
318,3_scan/mp-1300010,"['Ag', 'Cl', 'Cl', 'Cl', 'Cl', 'Cl', 'Cl', 'Cs', 'Cs', 'Ni']",True,"{'energy': 0.0, 'direct': False, 'transition': None}",1.25765647,True,1
319,3_scan/mp-1300283,"['Cl', 'Cl', 'Cl', 'Cl', 'Cl', 'Cl', 'Cs', 'Cs', 'Li', 'Sc']",True,"{'direct': True, 'energy': 4.6917, 'transition': '(0.000,0.000,0.000)-(0.000,0.000,0.000)'}",-0.33149521,False,1
320,3_scan/mp-1300204,"['Au', 'Cl', 'Cl', 'Cl', 'Cl', 'Cl', 'Cl', 'Cs', 'Cs', 'Sb']",True,"{'direct': False, 'energy': 1.5016, 'transition': '(0.500,0.500,0.500)-(0.000,0.500,0.000)'}",1.62645275,False,1
